date;diaAño;dia;mes;año;trimestre;añoMes;añoTrim;diaSemana;diaSemText;findes;temporada
2018-01-01;1;1;1;2018;1;2018_1;2018_1;1;lunes;entreSemana;alta
2018-01-02;2;2;1;2018;1;2018_1;2018_1;2;martes;entreSemana;alta
2018-01-03;3;3;1;2018;1;2018_1;2018_1;3;miércoles;entreSemana;alta
2018-01-04;4;4;1;2018;1;2018_1;2018_1;4;jueves;entreSemana;alta
2018-01-05;5;5;1;2018;1;2018_1;2018_1;5;viernes;visperaFinde;alta
2018-01-06;6;6;1;2018;1;2018_1;2018_1;6;sábado;Finde;alta
2018-01-07;7;7;1;2018;1;2018_1;2018_1;7;domingo;Finde;alta
2018-01-08;8;8;1;2018;1;2018_1;2018_1;1;lunes;entreSemana;baja
2018-01-09;9;9;1;2018;1;2018_1;2018_1;2;martes;entreSemana;baja
2018-01-10;10;10;1;2018;1;2018_1;2018_1;3;miércoles;entreSemana;baja
2018-01-11;11;11;1;2018;1;2018_1;2018_1;4;jueves;entreSemana;baja
2018-01-12;12;12;1;2018;1;2018_1;2018_1;5;viernes;visperaFinde;baja
2018-01-13;13;13;1;2018;1;2018_1;2018_1;6;sábado;Finde;baja
2018-01-14;14;14;1;2018;1;2018_1;2018_1;7;domingo;Finde;baja
2018-01-15;15;15;1;2018;1;2018_1;2018_1;1;lunes;entreSemana;baja
2018-01-16;16;16;1;2018;1;2018_1;2018_1;2;martes;entreSemana;baja
2018-01-17;17;17;1;2018;1;2018_1;2018_1;3;miércoles;entreSemana;baja
2018-01-18;18;18;1;2018;1;2018_1;2018_1;4;jueves;entreSemana;baja
2018-01-19;19;19;1;2018;1;2018_1;2018_1;5;viernes;visperaFinde;baja
2018-01-20;20;20;1;2018;1;2018_1;2018_1;6;sábado;Finde;baja
2018-01-21;21;21;1;2018;1;2018_1;2018_1;7;domingo;Finde;baja
2018-01-22;22;22;1;2018;1;2018_1;2018_1;1;lunes;entreSemana;baja
2018-01-23;23;23;1;2018;1;2018_1;2018_1;2;martes;entreSemana;baja
2018-01-24;24;24;1;2018;1;2018_1;2018_1;3;miércoles;entreSemana;baja
2018-01-25;25;25;1;2018;1;2018_1;2018_1;4;jueves;entreSemana;baja
2018-01-26;26;26;1;2018;1;2018_1;2018_1;5;viernes;visperaFinde;baja
2018-01-27;27;27;1;2018;1;2018_1;2018_1;6;sábado;Finde;baja
2018-01-28;28;28;1;2018;1;2018_1;2018_1;7;domingo;Finde;baja
2018-01-29;29;29;1;2018;1;2018_1;2018_1;1;lunes;entreSemana;baja
2018-01-30;30;30;1;2018;1;2018_1;2018_1;2;martes;entreSemana;baja
2018-01-31;31;31;1;2018;1;2018_1;2018_1;3;miércoles;entreSemana;baja
2018-02-01;32;1;2;2018;1;2018_2;2018_1;4;jueves;entreSemana;baja
2018-02-02;33;2;2;2018;1;2018_2;2018_1;5;viernes;visperaFinde;baja
2018-02-03;34;3;2;2018;1;2018_2;2018_1;6;sábado;Finde;baja
2018-02-04;35;4;2;2018;1;2018_2;2018_1;7;domingo;Finde;baja
2018-02-05;36;5;2;2018;1;2018_2;2018_1;1;lunes;entreSemana;baja
2018-02-06;37;6;2;2018;1;2018_2;2018_1;2;martes;entreSemana;baja
2018-02-07;38;7;2;2018;1;2018_2;2018_1;3;miércoles;entreSemana;baja
2018-02-08;39;8;2;2018;1;2018_2;2018_1;4;jueves;entreSemana;baja
2018-02-09;40;9;2;2018;1;2018_2;2018_1;5;viernes;visperaFinde;baja
2018-02-10;41;10;2;2018;1;2018_2;2018_1;6;sábado;Finde;baja
2018-02-11;42;11;2;2018;1;2018_2;2018_1;7;domingo;Finde;baja
2018-02-12;43;12;2;2018;1;2018_2;2018_1;1;lunes;entreSemana;baja
2018-02-13;44;13;2;2018;1;2018_2;2018_1;2;martes;entreSemana;baja
2018-02-14;45;14;2;2018;1;2018_2;2018_1;3;miércoles;entreSemana;baja
2018-02-15;46;15;2;2018;1;2018_2;2018_1;4;jueves;entreSemana;baja
2018-02-16;47;16;2;2018;1;2018_2;2018_1;5;viernes;visperaFinde;baja
2018-02-17;48;17;2;2018;1;2018_2;2018_1;6;sábado;Finde;baja
2018-02-18;49;18;2;2018;1;2018_2;2018_1;7;domingo;Finde;baja
2018-02-19;50;19;2;2018;1;2018_2;2018_1;1;lunes;entreSemana;baja
2018-02-20;51;20;2;2018;1;2018_2;2018_1;2;martes;entreSemana;baja
2018-02-21;52;21;2;2018;1;2018_2;2018_1;3;miércoles;entreSemana;baja
2018-02-22;53;22;2;2018;1;2018_2;2018_1;4;jueves;entreSemana;baja
2018-02-23;54;23;2;2018;1;2018_2;2018_1;5;viernes;visperaFinde;baja
2018-02-24;55;24;2;2018;1;2018_2;2018_1;6;sábado;Finde;baja
2018-02-25;56;25;2;2018;1;2018_2;2018_1;7;domingo;Finde;baja
2018-02-26;57;26;2;2018;1;2018_2;2018_1;1;lunes;entreSemana;baja
2018-02-27;58;27;2;2018;1;2018_2;2018_1;2;martes;entreSemana;baja
2018-02-28;59;28;2;2018;1;2018_2;2018_1;3;miércoles;entreSemana;baja
2018-03-01;60;1;3;2018;1;2018_3;2018_1;4;jueves;entreSemana;baja
2018-03-02;61;2;3;2018;1;2018_3;2018_1;5;viernes;visperaFinde;baja
2018-03-03;62;3;3;2018;1;2018_3;2018_1;6;sábado;Finde;baja
2018-03-04;63;4;3;2018;1;2018_3;2018_1;7;domingo;Finde;baja
2018-03-05;64;5;3;2018;1;2018_3;2018_1;1;lunes;entreSemana;baja
2018-03-06;65;6;3;2018;1;2018_3;2018_1;2;martes;entreSemana;baja
2018-03-07;66;7;3;2018;1;2018_3;2018_1;3;miércoles;entreSemana;baja
2018-03-08;67;8;3;2018;1;2018_3;2018_1;4;jueves;entreSemana;baja
2018-03-09;68;9;3;2018;1;2018_3;2018_1;5;viernes;visperaFinde;baja
2018-03-10;69;10;3;2018;1;2018_3;2018_1;6;sábado;Finde;baja
2018-03-11;70;11;3;2018;1;2018_3;2018_1;7;domingo;Finde;baja
2018-03-12;71;12;3;2018;1;2018_3;2018_1;1;lunes;entreSemana;baja
2018-03-13;72;13;3;2018;1;2018_3;2018_1;2;martes;entreSemana;baja
2018-03-14;73;14;3;2018;1;2018_3;2018_1;3;miércoles;entreSemana;baja
2018-03-15;74;15;3;2018;1;2018_3;2018_1;4;jueves;entreSemana;baja
2018-03-16;75;16;3;2018;1;2018_3;2018_1;5;viernes;visperaFinde;baja
2018-03-17;76;17;3;2018;1;2018_3;2018_1;6;sábado;Finde;baja
2018-03-18;77;18;3;2018;1;2018_3;2018_1;7;domingo;Finde;baja
2018-03-19;78;19;3;2018;1;2018_3;2018_1;1;lunes;entreSemana;baja
2018-03-20;79;20;3;2018;1;2018_3;2018_1;2;martes;entreSemana;baja
2018-03-21;80;21;3;2018;1;2018_3;2018_1;3;miércoles;entreSemana;baja
2018-03-22;81;22;3;2018;1;2018_3;2018_1;4;jueves;entreSemana;baja
2018-03-23;82;23;3;2018;1;2018_3;2018_1;5;viernes;visperaFinde;baja
2018-03-24;83;24;3;2018;1;2018_3;2018_1;6;sábado;Finde;baja
2018-03-25;84;25;3;2018;1;2018_3;2018_1;7;domingo;Finde;baja
2018-03-26;85;26;3;2018;1;2018_3;2018_1;1;lunes;entreSemana;baja
2018-03-27;86;27;3;2018;1;2018_3;2018_1;2;martes;entreSemana;baja
2018-03-28;87;28;3;2018;1;2018_3;2018_1;3;miércoles;entreSemana;alta
2018-03-29;88;29;3;2018;1;2018_3;2018_1;4;jueves;entreSemana;alta
2018-03-30;89;30;3;2018;1;2018_3;2018_1;5;viernes;visperaFinde;alta
2018-03-31;90;31;3;2018;1;2018_3;2018_1;6;sábado;Finde;alta
2018-04-01;91;1;4;2018;2;2018_4;2018_2;7;domingo;Finde;alta
2018-04-02;92;2;4;2018;2;2018_4;2018_2;1;lunes;entreSemana;baja
2018-04-03;93;3;4;2018;2;2018_4;2018_2;2;martes;entreSemana;baja
2018-04-04;94;4;4;2018;2;2018_4;2018_2;3;miércoles;entreSemana;baja
2018-04-05;95;5;4;2018;2;2018_4;2018_2;4;jueves;entreSemana;baja
2018-04-06;96;6;4;2018;2;2018_4;2018_2;5;viernes;visperaFinde;baja
2018-04-07;97;7;4;2018;2;2018_4;2018_2;6;sábado;Finde;baja
2018-04-08;98;8;4;2018;2;2018_4;2018_2;7;domingo;Finde;baja
2018-04-09;99;9;4;2018;2;2018_4;2018_2;1;lunes;entreSemana;baja
2018-04-10;100;10;4;2018;2;2018_4;2018_2;2;martes;entreSemana;baja
2018-04-11;101;11;4;2018;2;2018_4;2018_2;3;miércoles;entreSemana;baja
2018-04-12;102;12;4;2018;2;2018_4;2018_2;4;jueves;entreSemana;baja
2018-04-13;103;13;4;2018;2;2018_4;2018_2;5;viernes;visperaFinde;baja
2018-04-14;104;14;4;2018;2;2018_4;2018_2;6;sábado;Finde;baja
2018-04-15;105;15;4;2018;2;2018_4;2018_2;7;domingo;Finde;baja
2018-04-16;106;16;4;2018;2;2018_4;2018_2;1;lunes;entreSemana;baja
2018-04-17;107;17;4;2018;2;2018_4;2018_2;2;martes;entreSemana;baja
2018-04-18;108;18;4;2018;2;2018_4;2018_2;3;miércoles;entreSemana;baja
2018-04-19;109;19;4;2018;2;2018_4;2018_2;4;jueves;entreSemana;baja
2018-04-20;110;20;4;2018;2;2018_4;2018_2;5;viernes;visperaFinde;baja
2018-04-21;111;21;4;2018;2;2018_4;2018_2;6;sábado;Finde;baja
2018-04-22;112;22;4;2018;2;2018_4;2018_2;7;domingo;Finde;baja
2018-04-23;113;23;4;2018;2;2018_4;2018_2;1;lunes;entreSemana;baja
2018-04-24;114;24;4;2018;2;2018_4;2018_2;2;martes;entreSemana;baja
2018-04-25;115;25;4;2018;2;2018_4;2018_2;3;miércoles;entreSemana;baja
2018-04-26;116;26;4;2018;2;2018_4;2018_2;4;jueves;entreSemana;baja
2018-04-27;117;27;4;2018;2;2018_4;2018_2;5;viernes;visperaFinde;baja
2018-04-28;118;28;4;2018;2;2018_4;2018_2;6;sábado;Finde;baja
2018-04-29;119;29;4;2018;2;2018_4;2018_2;7;domingo;Finde;baja
2018-04-30;120;30;4;2018;2;2018_4;2018_2;1;lunes;entreSemana;baja
2018-05-01;121;1;5;2018;2;2018_5;2018_2;2;martes;entreSemana;baja
2018-05-02;122;2;5;2018;2;2018_5;2018_2;3;miércoles;entreSemana;baja
2018-05-03;123;3;5;2018;2;2018_5;2018_2;4;jueves;entreSemana;baja
2018-05-04;124;4;5;2018;2;2018_5;2018_2;5;viernes;visperaFinde;baja
2018-05-05;125;5;5;2018;2;2018_5;2018_2;6;sábado;Finde;baja
2018-05-06;126;6;5;2018;2;2018_5;2018_2;7;domingo;Finde;baja
2018-05-07;127;7;5;2018;2;2018_5;2018_2;1;lunes;entreSemana;baja
2018-05-08;128;8;5;2018;2;2018_5;2018_2;2;martes;entreSemana;baja
2018-05-09;129;9;5;2018;2;2018_5;2018_2;3;miércoles;entreSemana;baja
2018-05-10;130;10;5;2018;2;2018_5;2018_2;4;jueves;entreSemana;baja
2018-05-11;131;11;5;2018;2;2018_5;2018_2;5;viernes;visperaFinde;baja
2018-05-12;132;12;5;2018;2;2018_5;2018_2;6;sábado;Finde;baja
2018-05-13;133;13;5;2018;2;2018_5;2018_2;7;domingo;Finde;baja
2018-05-14;134;14;5;2018;2;2018_5;2018_2;1;lunes;entreSemana;baja
2018-05-15;135;15;5;2018;2;2018_5;2018_2;2;martes;entreSemana;baja
2018-05-16;136;16;5;2018;2;2018_5;2018_2;3;miércoles;entreSemana;baja
2018-05-17;137;17;5;2018;2;2018_5;2018_2;4;jueves;entreSemana;baja
2018-05-18;138;18;5;2018;2;2018_5;2018_2;5;viernes;visperaFinde;baja
2018-05-19;139;19;5;2018;2;2018_5;2018_2;6;sábado;Finde;baja
2018-05-20;140;20;5;2018;2;2018_5;2018_2;7;domingo;Finde;baja
2018-05-21;141;21;5;2018;2;2018_5;2018_2;1;lunes;entreSemana;baja
2018-05-22;142;22;5;2018;2;2018_5;2018_2;2;martes;entreSemana;baja
2018-05-23;143;23;5;2018;2;2018_5;2018_2;3;miércoles;entreSemana;baja
2018-05-24;144;24;5;2018;2;2018_5;2018_2;4;jueves;entreSemana;baja
2018-05-25;145;25;5;2018;2;2018_5;2018_2;5;viernes;visperaFinde;baja
2018-05-26;146;26;5;2018;2;2018_5;2018_2;6;sábado;Finde;baja
2018-05-27;147;27;5;2018;2;2018_5;2018_2;7;domingo;Finde;baja
2018-05-28;148;28;5;2018;2;2018_5;2018_2;1;lunes;entreSemana;baja
2018-05-29;149;29;5;2018;2;2018_5;2018_2;2;martes;entreSemana;baja
2018-05-30;150;30;5;2018;2;2018_5;2018_2;3;miércoles;entreSemana;baja
2018-05-31;151;31;5;2018;2;2018_5;2018_2;4;jueves;entreSemana;baja
2018-06-01;152;1;6;2018;2;2018_6;2018_2;5;viernes;visperaFinde;baja
2018-06-02;153;2;6;2018;2;2018_6;2018_2;6;sábado;Finde;baja
2018-06-03;154;3;6;2018;2;2018_6;2018_2;7;domingo;Finde;baja
2018-06-04;155;4;6;2018;2;2018_6;2018_2;1;lunes;entreSemana;baja
2018-06-05;156;5;6;2018;2;2018_6;2018_2;2;martes;entreSemana;baja
2018-06-06;157;6;6;2018;2;2018_6;2018_2;3;miércoles;entreSemana;baja
2018-06-07;158;7;6;2018;2;2018_6;2018_2;4;jueves;entreSemana;baja
2018-06-08;159;8;6;2018;2;2018_6;2018_2;5;viernes;visperaFinde;baja
2018-06-09;160;9;6;2018;2;2018_6;2018_2;6;sábado;Finde;baja
2018-06-10;161;10;6;2018;2;2018_6;2018_2;7;domingo;Finde;baja
2018-06-11;162;11;6;2018;2;2018_6;2018_2;1;lunes;entreSemana;baja
2018-06-12;163;12;6;2018;2;2018_6;2018_2;2;martes;entreSemana;baja
2018-06-13;164;13;6;2018;2;2018_6;2018_2;3;miércoles;entreSemana;baja
2018-06-14;165;14;6;2018;2;2018_6;2018_2;4;jueves;entreSemana;baja
2018-06-15;166;15;6;2018;2;2018_6;2018_2;5;viernes;visperaFinde;baja
2018-06-16;167;16;6;2018;2;2018_6;2018_2;6;sábado;Finde;baja
2018-06-17;168;17;6;2018;2;2018_6;2018_2;7;domingo;Finde;baja
2018-06-18;169;18;6;2018;2;2018_6;2018_2;1;lunes;entreSemana;baja
2018-06-19;170;19;6;2018;2;2018_6;2018_2;2;martes;entreSemana;baja
2018-06-20;171;20;6;2018;2;2018_6;2018_2;3;miércoles;entreSemana;baja
2018-06-21;172;21;6;2018;2;2018_6;2018_2;4;jueves;entreSemana;baja
2018-06-22;173;22;6;2018;2;2018_6;2018_2;5;viernes;visperaFinde;baja
2018-06-23;174;23;6;2018;2;2018_6;2018_2;6;sábado;Finde;baja
2018-06-24;175;24;6;2018;2;2018_6;2018_2;7;domingo;Finde;baja
2018-06-25;176;25;6;2018;2;2018_6;2018_2;1;lunes;entreSemana;baja
2018-06-26;177;26;6;2018;2;2018_6;2018_2;2;martes;entreSemana;baja
2018-06-27;178;27;6;2018;2;2018_6;2018_2;3;miércoles;entreSemana;baja
2018-06-28;179;28;6;2018;2;2018_6;2018_2;4;jueves;entreSemana;baja
2018-06-29;180;29;6;2018;2;2018_6;2018_2;5;viernes;visperaFinde;baja
2018-06-30;181;30;6;2018;2;2018_6;2018_2;6;sábado;Finde;alta
2018-07-01;182;1;7;2018;3;2018_7;2018_3;7;domingo;Finde;alta
2018-07-02;183;2;7;2018;3;2018_7;2018_3;1;lunes;entreSemana;alta
2018-07-03;184;3;7;2018;3;2018_7;2018_3;2;martes;entreSemana;alta
2018-07-04;185;4;7;2018;3;2018_7;2018_3;3;miércoles;entreSemana;alta
2018-07-05;186;5;7;2018;3;2018_7;2018_3;4;jueves;entreSemana;alta
2018-07-06;187;6;7;2018;3;2018_7;2018_3;5;viernes;visperaFinde;alta
2018-07-07;188;7;7;2018;3;2018_7;2018_3;6;sábado;Finde;alta
2018-07-08;189;8;7;2018;3;2018_7;2018_3;7;domingo;Finde;alta
2018-07-09;190;9;7;2018;3;2018_7;2018_3;1;lunes;entreSemana;alta
2018-07-10;191;10;7;2018;3;2018_7;2018_3;2;martes;entreSemana;alta
2018-07-11;192;11;7;2018;3;2018_7;2018_3;3;miércoles;entreSemana;alta
2018-07-12;193;12;7;2018;3;2018_7;2018_3;4;jueves;entreSemana;alta
2018-07-13;194;13;7;2018;3;2018_7;2018_3;5;viernes;visperaFinde;alta
2018-07-14;195;14;7;2018;3;2018_7;2018_3;6;sábado;Finde;alta
2018-07-15;196;15;7;2018;3;2018_7;2018_3;7;domingo;Finde;alta
2018-07-16;197;16;7;2018;3;2018_7;2018_3;1;lunes;entreSemana;alta
2018-07-17;198;17;7;2018;3;2018_7;2018_3;2;martes;entreSemana;alta
2018-07-18;199;18;7;2018;3;2018_7;2018_3;3;miércoles;entreSemana;alta
2018-07-19;200;19;7;2018;3;2018_7;2018_3;4;jueves;entreSemana;alta
2018-07-20;201;20;7;2018;3;2018_7;2018_3;5;viernes;visperaFinde;alta
2018-07-21;202;21;7;2018;3;2018_7;2018_3;6;sábado;Finde;alta
2018-07-22;203;22;7;2018;3;2018_7;2018_3;7;domingo;Finde;alta
2018-07-23;204;23;7;2018;3;2018_7;2018_3;1;lunes;entreSemana;alta
2018-07-24;205;24;7;2018;3;2018_7;2018_3;2;martes;entreSemana;alta
2018-07-25;206;25;7;2018;3;2018_7;2018_3;3;miércoles;entreSemana;alta
2018-07-26;207;26;7;2018;3;2018_7;2018_3;4;jueves;entreSemana;alta
2018-07-27;208;27;7;2018;3;2018_7;2018_3;5;viernes;visperaFinde;alta
2018-07-28;209;28;7;2018;3;2018_7;2018_3;6;sábado;Finde;alta
2018-07-29;210;29;7;2018;3;2018_7;2018_3;7;domingo;Finde;alta
2018-07-30;211;30;7;2018;3;2018_7;2018_3;1;lunes;entreSemana;alta
2018-07-31;212;31;7;2018;3;2018_7;2018_3;2;martes;entreSemana;alta
2018-08-01;213;1;8;2018;3;2018_8;2018_3;3;miércoles;entreSemana;alta
2018-08-02;214;2;8;2018;3;2018_8;2018_3;4;jueves;entreSemana;alta
2018-08-03;215;3;8;2018;3;2018_8;2018_3;5;viernes;visperaFinde;alta
2018-08-04;216;4;8;2018;3;2018_8;2018_3;6;sábado;Finde;alta
2018-08-05;217;5;8;2018;3;2018_8;2018_3;7;domingo;Finde;alta
2018-08-06;218;6;8;2018;3;2018_8;2018_3;1;lunes;entreSemana;alta
2018-08-07;219;7;8;2018;3;2018_8;2018_3;2;martes;entreSemana;alta
2018-08-08;220;8;8;2018;3;2018_8;2018_3;3;miércoles;entreSemana;alta
2018-08-09;221;9;8;2018;3;2018_8;2018_3;4;jueves;entreSemana;alta
2018-08-10;222;10;8;2018;3;2018_8;2018_3;5;viernes;visperaFinde;alta
2018-08-11;223;11;8;2018;3;2018_8;2018_3;6;sábado;Finde;alta
2018-08-12;224;12;8;2018;3;2018_8;2018_3;7;domingo;Finde;alta
2018-08-13;225;13;8;2018;3;2018_8;2018_3;1;lunes;entreSemana;alta
2018-08-14;226;14;8;2018;3;2018_8;2018_3;2;martes;entreSemana;alta
2018-08-15;227;15;8;2018;3;2018_8;2018_3;3;miércoles;entreSemana;alta
2018-08-16;228;16;8;2018;3;2018_8;2018_3;4;jueves;entreSemana;alta
2018-08-17;229;17;8;2018;3;2018_8;2018_3;5;viernes;visperaFinde;alta
2018-08-18;230;18;8;2018;3;2018_8;2018_3;6;sábado;Finde;alta
2018-08-19;231;19;8;2018;3;2018_8;2018_3;7;domingo;Finde;alta
2018-08-20;232;20;8;2018;3;2018_8;2018_3;1;lunes;entreSemana;alta
2018-08-21;233;21;8;2018;3;2018_8;2018_3;2;martes;entreSemana;alta
2018-08-22;234;22;8;2018;3;2018_8;2018_3;3;miércoles;entreSemana;alta
2018-08-23;235;23;8;2018;3;2018_8;2018_3;4;jueves;entreSemana;alta
2018-08-24;236;24;8;2018;3;2018_8;2018_3;5;viernes;visperaFinde;alta
2018-08-25;237;25;8;2018;3;2018_8;2018_3;6;sábado;Finde;alta
2018-08-26;238;26;8;2018;3;2018_8;2018_3;7;domingo;Finde;alta
2018-08-27;239;27;8;2018;3;2018_8;2018_3;1;lunes;entreSemana;alta
2018-08-28;240;28;8;2018;3;2018_8;2018_3;2;martes;entreSemana;alta
2018-08-29;241;29;8;2018;3;2018_8;2018_3;3;miércoles;entreSemana;alta
2018-08-30;242;30;8;2018;3;2018_8;2018_3;4;jueves;entreSemana;alta
2018-08-31;243;31;8;2018;3;2018_8;2018_3;5;viernes;visperaFinde;alta
2018-09-01;244;1;9;2018;3;2018_9;2018_3;6;sábado;Finde;alta
2018-09-02;245;2;9;2018;3;2018_9;2018_3;7;domingo;Finde;alta
2018-09-03;246;3;9;2018;3;2018_9;2018_3;1;lunes;entreSemana;alta
2018-09-04;247;4;9;2018;3;2018_9;2018_3;2;martes;entreSemana;alta
2018-09-05;248;5;9;2018;3;2018_9;2018_3;3;miércoles;entreSemana;alta
2018-09-06;249;6;9;2018;3;2018_9;2018_3;4;jueves;entreSemana;alta
2018-09-07;250;7;9;2018;3;2018_9;2018_3;5;viernes;visperaFinde;alta
2018-09-08;251;8;9;2018;3;2018_9;2018_3;6;sábado;Finde;alta
2018-09-09;252;9;9;2018;3;2018_9;2018_3;7;domingo;Finde;alta
2018-09-10;253;10;9;2018;3;2018_9;2018_3;1;lunes;entreSemana;baja
2018-09-11;254;11;9;2018;3;2018_9;2018_3;2;martes;entreSemana;baja
2018-09-12;255;12;9;2018;3;2018_9;2018_3;3;miércoles;entreSemana;baja
2018-09-13;256;13;9;2018;3;2018_9;2018_3;4;jueves;entreSemana;baja
2018-09-14;257;14;9;2018;3;2018_9;2018_3;5;viernes;visperaFinde;baja
2018-09-15;258;15;9;2018;3;2018_9;2018_3;6;sábado;Finde;baja
2018-09-16;259;16;9;2018;3;2018_9;2018_3;7;domingo;Finde;baja
2018-09-17;260;17;9;2018;3;2018_9;2018_3;1;lunes;entreSemana;baja
2018-09-18;261;18;9;2018;3;2018_9;2018_3;2;martes;entreSemana;baja
2018-09-19;262;19;9;2018;3;2018_9;2018_3;3;miércoles;entreSemana;baja
2018-09-20;263;20;9;2018;3;2018_9;2018_3;4;jueves;entreSemana;baja
2018-09-21;264;21;9;2018;3;2018_9;2018_3;5;viernes;visperaFinde;baja
2018-09-22;265;22;9;2018;3;2018_9;2018_3;6;sábado;Finde;baja
2018-09-23;266;23;9;2018;3;2018_9;2018_3;7;domingo;Finde;baja
2018-09-24;267;24;9;2018;3;2018_9;2018_3;1;lunes;entreSemana;baja
2018-09-25;268;25;9;2018;3;2018_9;2018_3;2;martes;entreSemana;baja
2018-09-26;269;26;9;2018;3;2018_9;2018_3;3;miércoles;entreSemana;baja
2018-09-27;270;27;9;2018;3;2018_9;2018_3;4;jueves;entreSemana;baja
2018-09-28;271;28;9;2018;3;2018_9;2018_3;5;viernes;visperaFinde;baja
2018-09-29;272;29;9;2018;3;2018_9;2018_3;6;sábado;Finde;baja
2018-09-30;273;30;9;2018;3;2018_9;2018_3;7;domingo;Finde;baja
2018-10-01;274;1;10;2018;4;2018_10;2018_4;1;lunes;entreSemana;baja
2018-10-02;275;2;10;2018;4;2018_10;2018_4;2;martes;entreSemana;baja
2018-10-03;276;3;10;2018;4;2018_10;2018_4;3;miércoles;entreSemana;baja
2018-10-04;277;4;10;2018;4;2018_10;2018_4;4;jueves;entreSemana;baja
2018-10-05;278;5;10;2018;4;2018_10;2018_4;5;viernes;visperaFinde;baja
2018-10-06;279;6;10;2018;4;2018_10;2018_4;6;sábado;Finde;baja
2018-10-07;280;7;10;2018;4;2018_10;2018_4;7;domingo;Finde;baja
2018-10-08;281;8;10;2018;4;2018_10;2018_4;1;lunes;entreSemana;baja
2018-10-09;282;9;10;2018;4;2018_10;2018_4;2;martes;entreSemana;baja
2018-10-10;283;10;10;2018;4;2018_10;2018_4;3;miércoles;entreSemana;baja
2018-10-11;284;11;10;2018;4;2018_10;2018_4;4;jueves;entreSemana;baja
2018-10-12;285;12;10;2018;4;2018_10;2018_4;5;viernes;visperaFinde;baja
2018-10-13;286;13;10;2018;4;2018_10;2018_4;6;sábado;Finde;baja
2018-10-14;287;14;10;2018;4;2018_10;2018_4;7;domingo;Finde;baja
2018-10-15;288;15;10;2018;4;2018_10;2018_4;1;lunes;entreSemana;baja
2018-10-16;289;16;10;2018;4;2018_10;2018_4;2;martes;entreSemana;baja
2018-10-17;290;17;10;2018;4;2018_10;2018_4;3;miércoles;entreSemana;baja
2018-10-18;291;18;10;2018;4;2018_10;2018_4;4;jueves;entreSemana;baja
2018-10-19;292;19;10;2018;4;2018_10;2018_4;5;viernes;visperaFinde;baja
2018-10-20;293;20;10;2018;4;2018_10;2018_4;6;sábado;Finde;baja
2018-10-21;294;21;10;2018;4;2018_10;2018_4;7;domingo;Finde;baja
2018-10-22;295;22;10;2018;4;2018_10;2018_4;1;lunes;entreSemana;baja
2018-10-23;296;23;10;2018;4;2018_10;2018_4;2;martes;entreSemana;baja
2018-10-24;297;24;10;2018;4;2018_10;2018_4;3;miércoles;entreSemana;baja
2018-10-25;298;25;10;2018;4;2018_10;2018_4;4;jueves;entreSemana;baja
2018-10-26;299;26;10;2018;4;2018_10;2018_4;5;viernes;visperaFinde;baja
2018-10-27;300;27;10;2018;4;2018_10;2018_4;6;sábado;Finde;baja
2018-10-28;301;28;10;2018;4;2018_10;2018_4;7;domingo;Finde;baja
2018-10-29;302;29;10;2018;4;2018_10;2018_4;1;lunes;entreSemana;baja
2018-10-30;303;30;10;2018;4;2018_10;2018_4;2;martes;entreSemana;baja
2018-10-31;304;31;10;2018;4;2018_10;2018_4;3;miércoles;entreSemana;baja
2018-11-01;305;1;11;2018;4;2018_11;2018_4;4;jueves;entreSemana;baja
2018-11-02;306;2;11;2018;4;2018_11;2018_4;5;viernes;visperaFinde;baja
2018-11-03;307;3;11;2018;4;2018_11;2018_4;6;sábado;Finde;baja
2018-11-04;308;4;11;2018;4;2018_11;2018_4;7;domingo;Finde;baja
2018-11-05;309;5;11;2018;4;2018_11;2018_4;1;lunes;entreSemana;baja
2018-11-06;310;6;11;2018;4;2018_11;2018_4;2;martes;entreSemana;baja
2018-11-07;311;7;11;2018;4;2018_11;2018_4;3;miércoles;entreSemana;baja
2018-11-08;312;8;11;2018;4;2018_11;2018_4;4;jueves;entreSemana;baja
2018-11-09;313;9;11;2018;4;2018_11;2018_4;5;viernes;visperaFinde;baja
2018-11-10;314;10;11;2018;4;2018_11;2018_4;6;sábado;Finde;baja
2018-11-11;315;11;11;2018;4;2018_11;2018_4;7;domingo;Finde;baja
2018-11-12;316;12;11;2018;4;2018_11;2018_4;1;lunes;entreSemana;baja
2018-11-13;317;13;11;2018;4;2018_11;2018_4;2;martes;entreSemana;baja
2018-11-14;318;14;11;2018;4;2018_11;2018_4;3;miércoles;entreSemana;baja
2018-11-15;319;15;11;2018;4;2018_11;2018_4;4;jueves;entreSemana;baja
2018-11-16;320;16;11;2018;4;2018_11;2018_4;5;viernes;visperaFinde;baja
2018-11-17;321;17;11;2018;4;2018_11;2018_4;6;sábado;Finde;baja
2018-11-18;322;18;11;2018;4;2018_11;2018_4;7;domingo;Finde;baja
2018-11-19;323;19;11;2018;4;2018_11;2018_4;1;lunes;entreSemana;baja
2018-11-20;324;20;11;2018;4;2018_11;2018_4;2;martes;entreSemana;baja
2018-11-21;325;21;11;2018;4;2018_11;2018_4;3;miércoles;entreSemana;baja
2018-11-22;326;22;11;2018;4;2018_11;2018_4;4;jueves;entreSemana;baja
2018-11-23;327;23;11;2018;4;2018_11;2018_4;5;viernes;visperaFinde;baja
2018-11-24;328;24;11;2018;4;2018_11;2018_4;6;sábado;Finde;baja
2018-11-25;329;25;11;2018;4;2018_11;2018_4;7;domingo;Finde;baja
2018-11-26;330;26;11;2018;4;2018_11;2018_4;1;lunes;entreSemana;baja
2018-11-27;331;27;11;2018;4;2018_11;2018_4;2;martes;entreSemana;baja
2018-11-28;332;28;11;2018;4;2018_11;2018_4;3;miércoles;entreSemana;baja
2018-11-29;333;29;11;2018;4;2018_11;2018_4;4;jueves;entreSemana;baja
2018-11-30;334;30;11;2018;4;2018_11;2018_4;5;viernes;visperaFinde;baja
2018-12-01;335;1;12;2018;4;2018_12;2018_4;6;sábado;Finde;baja
2018-12-02;336;2;12;2018;4;2018_12;2018_4;7;domingo;Finde;baja
2018-12-03;337;3;12;2018;4;2018_12;2018_4;1;lunes;entreSemana;baja
2018-12-04;338;4;12;2018;4;2018_12;2018_4;2;martes;entreSemana;baja
2018-12-05;339;5;12;2018;4;2018_12;2018_4;3;miércoles;entreSemana;baja
2018-12-06;340;6;12;2018;4;2018_12;2018_4;4;jueves;entreSemana;alta
2018-12-07;341;7;12;2018;4;2018_12;2018_4;5;viernes;visperaFinde;alta
2018-12-08;342;8;12;2018;4;2018_12;2018_4;6;sábado;Finde;alta
2018-12-09;343;9;12;2018;4;2018_12;2018_4;7;domingo;Finde;alta
2018-12-10;344;10;12;2018;4;2018_12;2018_4;1;lunes;entreSemana;baja
2018-12-11;345;11;12;2018;4;2018_12;2018_4;2;martes;entreSemana;baja
2018-12-12;346;12;12;2018;4;2018_12;2018_4;3;miércoles;entreSemana;baja
2018-12-13;347;13;12;2018;4;2018_12;2018_4;4;jueves;entreSemana;baja
2018-12-14;348;14;12;2018;4;2018_12;2018_4;5;viernes;visperaFinde;baja
2018-12-15;349;15;12;2018;4;2018_12;2018_4;6;sábado;Finde;baja
2018-12-16;350;16;12;2018;4;2018_12;2018_4;7;domingo;Finde;baja
2018-12-17;351;17;12;2018;4;2018_12;2018_4;1;lunes;entreSemana;baja
2018-12-18;352;18;12;2018;4;2018_12;2018_4;2;martes;entreSemana;baja
2018-12-19;353;19;12;2018;4;2018_12;2018_4;3;miércoles;entreSemana;baja
2018-12-20;354;20;12;2018;4;2018_12;2018_4;4;jueves;entreSemana;baja
2018-12-21;355;21;12;2018;4;2018_12;2018_4;5;viernes;visperaFinde;baja
2018-12-22;356;22;12;2018;4;2018_12;2018_4;6;sábado;Finde;alta
2018-12-23;357;23;12;2018;4;2018_12;2018_4;7;domingo;Finde;alta
2018-12-24;358;24;12;2018;4;2018_12;2018_4;1;lunes;entreSemana;alta
2018-12-25;359;25;12;2018;4;2018_12;2018_4;2;martes;entreSemana;alta
2018-12-26;360;26;12;2018;4;2018_12;2018_4;3;miércoles;entreSemana;alta
2018-12-27;361;27;12;2018;4;2018_12;2018_4;4;jueves;entreSemana;alta
2018-12-28;362;28;12;2018;4;2018_12;2018_4;5;viernes;visperaFinde;alta
2018-12-29;363;29;12;2018;4;2018_12;2018_4;6;sábado;Finde;alta
2018-12-30;364;30;12;2018;4;2018_12;2018_4;7;domingo;Finde;alta
2018-12-31;1;31;12;2018;1;2018_12;2018_1;1;lunes;entreSemana;alta
2019-01-01;2;1;1;2019;1;2019_1;2019_1;2;martes;entreSemana;alta
2019-01-02;3;2;1;2019;1;2019_1;2019_1;3;miércoles;entreSemana;alta
2019-01-03;4;3;1;2019;1;2019_1;2019_1;4;jueves;entreSemana;alta
2019-01-04;5;4;1;2019;1;2019_1;2019_1;5;viernes;visperaFinde;alta
2019-01-05;6;5;1;2019;1;2019_1;2019_1;6;sábado;Finde;alta
2019-01-06;7;6;1;2019;1;2019_1;2019_1;7;domingo;Finde;alta
2019-01-07;8;7;1;2019;1;2019_1;2019_1;1;lunes;entreSemana;baja
2019-01-08;9;8;1;2019;1;2019_1;2019_1;2;martes;entreSemana;baja
2019-01-09;10;9;1;2019;1;2019_1;2019_1;3;miércoles;entreSemana;baja
2019-01-10;11;10;1;2019;1;2019_1;2019_1;4;jueves;entreSemana;baja
2019-01-11;12;11;1;2019;1;2019_1;2019_1;5;viernes;visperaFinde;baja
2019-01-12;13;12;1;2019;1;2019_1;2019_1;6;sábado;Finde;baja
2019-01-13;14;13;1;2019;1;2019_1;2019_1;7;domingo;Finde;baja
2019-01-14;15;14;1;2019;1;2019_1;2019_1;1;lunes;entreSemana;baja
2019-01-15;16;15;1;2019;1;2019_1;2019_1;2;martes;entreSemana;baja
2019-01-16;17;16;1;2019;1;2019_1;2019_1;3;miércoles;entreSemana;baja
2019-01-17;18;17;1;2019;1;2019_1;2019_1;4;jueves;entreSemana;baja
2019-01-18;19;18;1;2019;1;2019_1;2019_1;5;viernes;visperaFinde;baja
2019-01-19;20;19;1;2019;1;2019_1;2019_1;6;sábado;Finde;baja
2019-01-20;21;20;1;2019;1;2019_1;2019_1;7;domingo;Finde;baja
2019-01-21;22;21;1;2019;1;2019_1;2019_1;1;lunes;entreSemana;baja
2019-01-22;23;22;1;2019;1;2019_1;2019_1;2;martes;entreSemana;baja
2019-01-23;24;23;1;2019;1;2019_1;2019_1;3;miércoles;entreSemana;baja
2019-01-24;25;24;1;2019;1;2019_1;2019_1;4;jueves;entreSemana;baja
2019-01-25;26;25;1;2019;1;2019_1;2019_1;5;viernes;visperaFinde;baja
2019-01-26;27;26;1;2019;1;2019_1;2019_1;6;sábado;Finde;baja
2019-01-27;28;27;1;2019;1;2019_1;2019_1;7;domingo;Finde;baja
2019-01-28;29;28;1;2019;1;2019_1;2019_1;1;lunes;entreSemana;baja
2019-01-29;30;29;1;2019;1;2019_1;2019_1;2;martes;entreSemana;baja
2019-01-30;31;30;1;2019;1;2019_1;2019_1;3;miércoles;entreSemana;baja
2019-01-31;32;31;1;2019;1;2019_1;2019_1;4;jueves;entreSemana;baja
2019-02-01;33;1;2;2019;1;2019_2;2019_1;5;viernes;visperaFinde;baja
2019-02-02;34;2;2;2019;1;2019_2;2019_1;6;sábado;Finde;baja
2019-02-03;35;3;2;2019;1;2019_2;2019_1;7;domingo;Finde;baja
2019-02-04;36;4;2;2019;1;2019_2;2019_1;1;lunes;entreSemana;baja
2019-02-05;37;5;2;2019;1;2019_2;2019_1;2;martes;entreSemana;baja
2019-02-06;38;6;2;2019;1;2019_2;2019_1;3;miércoles;entreSemana;baja
2019-02-07;39;7;2;2019;1;2019_2;2019_1;4;jueves;entreSemana;baja
2019-02-08;40;8;2;2019;1;2019_2;2019_1;5;viernes;visperaFinde;baja
2019-02-09;41;9;2;2019;1;2019_2;2019_1;6;sábado;Finde;baja
2019-02-10;42;10;2;2019;1;2019_2;2019_1;7;domingo;Finde;baja
2019-02-11;43;11;2;2019;1;2019_2;2019_1;1;lunes;entreSemana;baja
2019-02-12;44;12;2;2019;1;2019_2;2019_1;2;martes;entreSemana;baja
2019-02-13;45;13;2;2019;1;2019_2;2019_1;3;miércoles;entreSemana;baja
2019-02-14;46;14;2;2019;1;2019_2;2019_1;4;jueves;entreSemana;baja
2019-02-15;47;15;2;2019;1;2019_2;2019_1;5;viernes;visperaFinde;baja
2019-02-16;48;16;2;2019;1;2019_2;2019_1;6;sábado;Finde;baja
2019-02-17;49;17;2;2019;1;2019_2;2019_1;7;domingo;Finde;baja
2019-02-18;50;18;2;2019;1;2019_2;2019_1;1;lunes;entreSemana;baja
2019-02-19;51;19;2;2019;1;2019_2;2019_1;2;martes;entreSemana;baja
2019-02-20;52;20;2;2019;1;2019_2;2019_1;3;miércoles;entreSemana;baja
2019-02-21;53;21;2;2019;1;2019_2;2019_1;4;jueves;entreSemana;baja
2019-02-22;54;22;2;2019;1;2019_2;2019_1;5;viernes;visperaFinde;baja
2019-02-23;55;23;2;2019;1;2019_2;2019_1;6;sábado;Finde;baja
2019-02-24;56;24;2;2019;1;2019_2;2019_1;7;domingo;Finde;baja
2019-02-25;57;25;2;2019;1;2019_2;2019_1;1;lunes;entreSemana;baja
2019-02-26;58;26;2;2019;1;2019_2;2019_1;2;martes;entreSemana;baja
2019-02-27;59;27;2;2019;1;2019_2;2019_1;3;miércoles;entreSemana;baja
2019-02-28;60;28;2;2019;1;2019_2;2019_1;4;jueves;entreSemana;baja
2019-03-01;61;1;3;2019;1;2019_3;2019_1;5;viernes;visperaFinde;baja
2019-03-02;62;2;3;2019;1;2019_3;2019_1;6;sábado;Finde;baja
2019-03-03;63;3;3;2019;1;2019_3;2019_1;7;domingo;Finde;baja
2019-03-04;64;4;3;2019;1;2019_3;2019_1;1;lunes;entreSemana;baja
2019-03-05;65;5;3;2019;1;2019_3;2019_1;2;martes;entreSemana;baja
2019-03-06;66;6;3;2019;1;2019_3;2019_1;3;miércoles;entreSemana;baja
2019-03-07;67;7;3;2019;1;2019_3;2019_1;4;jueves;entreSemana;baja
2019-03-08;68;8;3;2019;1;2019_3;2019_1;5;viernes;visperaFinde;baja
2019-03-09;69;9;3;2019;1;2019_3;2019_1;6;sábado;Finde;baja
2019-03-10;70;10;3;2019;1;2019_3;2019_1;7;domingo;Finde;baja
2019-03-11;71;11;3;2019;1;2019_3;2019_1;1;lunes;entreSemana;baja
2019-03-12;72;12;3;2019;1;2019_3;2019_1;2;martes;entreSemana;baja
2019-03-13;73;13;3;2019;1;2019_3;2019_1;3;miércoles;entreSemana;baja
2019-03-14;74;14;3;2019;1;2019_3;2019_1;4;jueves;entreSemana;baja
2019-03-15;75;15;3;2019;1;2019_3;2019_1;5;viernes;visperaFinde;baja
2019-03-16;76;16;3;2019;1;2019_3;2019_1;6;sábado;Finde;baja
2019-03-17;77;17;3;2019;1;2019_3;2019_1;7;domingo;Finde;baja
2019-03-18;78;18;3;2019;1;2019_3;2019_1;1;lunes;entreSemana;baja
2019-03-19;79;19;3;2019;1;2019_3;2019_1;2;martes;entreSemana;baja
2019-03-20;80;20;3;2019;1;2019_3;2019_1;3;miércoles;entreSemana;baja
2019-03-21;81;21;3;2019;1;2019_3;2019_1;4;jueves;entreSemana;baja
2019-03-22;82;22;3;2019;1;2019_3;2019_1;5;viernes;visperaFinde;baja
2019-03-23;83;23;3;2019;1;2019_3;2019_1;6;sábado;Finde;baja
2019-03-24;84;24;3;2019;1;2019_3;2019_1;7;domingo;Finde;baja
2019-03-25;85;25;3;2019;1;2019_3;2019_1;1;lunes;entreSemana;baja
2019-03-26;86;26;3;2019;1;2019_3;2019_1;2;martes;entreSemana;baja
2019-03-27;87;27;3;2019;1;2019_3;2019_1;3;miércoles;entreSemana;baja
2019-03-28;88;28;3;2019;1;2019_3;2019_1;4;jueves;entreSemana;baja
2019-03-29;89;29;3;2019;1;2019_3;2019_1;5;viernes;visperaFinde;baja
2019-03-30;90;30;3;2019;1;2019_3;2019_1;6;sábado;Finde;baja
2019-03-31;91;31;3;2019;1;2019_3;2019_1;7;domingo;Finde;baja
2019-04-01;92;1;4;2019;2;2019_4;2019_2;1;lunes;entreSemana;baja
2019-04-02;93;2;4;2019;2;2019_4;2019_2;2;martes;entreSemana;baja
2019-04-03;94;3;4;2019;2;2019_4;2019_2;3;miércoles;entreSemana;baja
2019-04-04;95;4;4;2019;2;2019_4;2019_2;4;jueves;entreSemana;baja
2019-04-05;96;5;4;2019;2;2019_4;2019_2;5;viernes;visperaFinde;baja
2019-04-06;97;6;4;2019;2;2019_4;2019_2;6;sábado;Finde;baja
2019-04-07;98;7;4;2019;2;2019_4;2019_2;7;domingo;Finde;baja
2019-04-08;99;8;4;2019;2;2019_4;2019_2;1;lunes;entreSemana;baja
2019-04-09;100;9;4;2019;2;2019_4;2019_2;2;martes;entreSemana;baja
2019-04-10;101;10;4;2019;2;2019_4;2019_2;3;miércoles;entreSemana;baja
2019-04-11;102;11;4;2019;2;2019_4;2019_2;4;jueves;entreSemana;baja
2019-04-12;103;12;4;2019;2;2019_4;2019_2;5;viernes;visperaFinde;baja
2019-04-13;104;13;4;2019;2;2019_4;2019_2;6;sábado;Finde;baja
2019-04-14;105;14;4;2019;2;2019_4;2019_2;7;domingo;Finde;baja
2019-04-15;106;15;4;2019;2;2019_4;2019_2;1;lunes;entreSemana;baja
2019-04-16;107;16;4;2019;2;2019_4;2019_2;2;martes;entreSemana;baja
2019-04-17;108;17;4;2019;2;2019_4;2019_2;3;miércoles;entreSemana;alta
2019-04-18;109;18;4;2019;2;2019_4;2019_2;4;jueves;entreSemana;alta
2019-04-19;110;19;4;2019;2;2019_4;2019_2;5;viernes;visperaFinde;alta
2019-04-20;111;20;4;2019;2;2019_4;2019_2;6;sábado;Finde;alta
2019-04-21;112;21;4;2019;2;2019_4;2019_2;7;domingo;Finde;alta
2019-04-22;113;22;4;2019;2;2019_4;2019_2;1;lunes;entreSemana;baja
2019-04-23;114;23;4;2019;2;2019_4;2019_2;2;martes;entreSemana;baja
2019-04-24;115;24;4;2019;2;2019_4;2019_2;3;miércoles;entreSemana;baja
2019-04-25;116;25;4;2019;2;2019_4;2019_2;4;jueves;entreSemana;baja
2019-04-26;117;26;4;2019;2;2019_4;2019_2;5;viernes;visperaFinde;baja
2019-04-27;118;27;4;2019;2;2019_4;2019_2;6;sábado;Finde;baja
2019-04-28;119;28;4;2019;2;2019_4;2019_2;7;domingo;Finde;baja
2019-04-29;120;29;4;2019;2;2019_4;2019_2;1;lunes;entreSemana;baja
2019-04-30;121;30;4;2019;2;2019_4;2019_2;2;martes;entreSemana;baja
2019-05-01;122;1;5;2019;2;2019_5;2019_2;3;miércoles;entreSemana;baja
2019-05-02;123;2;5;2019;2;2019_5;2019_2;4;jueves;entreSemana;baja
2019-05-03;124;3;5;2019;2;2019_5;2019_2;5;viernes;visperaFinde;baja
2019-05-04;125;4;5;2019;2;2019_5;2019_2;6;sábado;Finde;baja
2019-05-05;126;5;5;2019;2;2019_5;2019_2;7;domingo;Finde;baja
2019-05-06;127;6;5;2019;2;2019_5;2019_2;1;lunes;entreSemana;baja
2019-05-07;128;7;5;2019;2;2019_5;2019_2;2;martes;entreSemana;baja
2019-05-08;129;8;5;2019;2;2019_5;2019_2;3;miércoles;entreSemana;baja
2019-05-09;130;9;5;2019;2;2019_5;2019_2;4;jueves;entreSemana;baja
2019-05-10;131;10;5;2019;2;2019_5;2019_2;5;viernes;visperaFinde;baja
2019-05-11;132;11;5;2019;2;2019_5;2019_2;6;sábado;Finde;baja
2019-05-12;133;12;5;2019;2;2019_5;2019_2;7;domingo;Finde;baja
2019-05-13;134;13;5;2019;2;2019_5;2019_2;1;lunes;entreSemana;baja
2019-05-14;135;14;5;2019;2;2019_5;2019_2;2;martes;entreSemana;baja
2019-05-15;136;15;5;2019;2;2019_5;2019_2;3;miércoles;entreSemana;baja
2019-05-16;137;16;5;2019;2;2019_5;2019_2;4;jueves;entreSemana;baja
2019-05-17;138;17;5;2019;2;2019_5;2019_2;5;viernes;visperaFinde;baja
2019-05-18;139;18;5;2019;2;2019_5;2019_2;6;sábado;Finde;baja
2019-05-19;140;19;5;2019;2;2019_5;2019_2;7;domingo;Finde;baja
2019-05-20;141;20;5;2019;2;2019_5;2019_2;1;lunes;entreSemana;baja
2019-05-21;142;21;5;2019;2;2019_5;2019_2;2;martes;entreSemana;baja
2019-05-22;143;22;5;2019;2;2019_5;2019_2;3;miércoles;entreSemana;baja
2019-05-23;144;23;5;2019;2;2019_5;2019_2;4;jueves;entreSemana;baja
2019-05-24;145;24;5;2019;2;2019_5;2019_2;5;viernes;visperaFinde;baja
2019-05-25;146;25;5;2019;2;2019_5;2019_2;6;sábado;Finde;baja
2019-05-26;147;26;5;2019;2;2019_5;2019_2;7;domingo;Finde;baja
2019-05-27;148;27;5;2019;2;2019_5;2019_2;1;lunes;entreSemana;baja
2019-05-28;149;28;5;2019;2;2019_5;2019_2;2;martes;entreSemana;baja
2019-05-29;150;29;5;2019;2;2019_5;2019_2;3;miércoles;entreSemana;baja
2019-05-30;151;30;5;2019;2;2019_5;2019_2;4;jueves;entreSemana;baja
2019-05-31;152;31;5;2019;2;2019_5;2019_2;5;viernes;visperaFinde;baja
2019-06-01;153;1;6;2019;2;2019_6;2019_2;6;sábado;Finde;baja
2019-06-02;154;2;6;2019;2;2019_6;2019_2;7;domingo;Finde;baja
2019-06-03;155;3;6;2019;2;2019_6;2019_2;1;lunes;entreSemana;baja
2019-06-04;156;4;6;2019;2;2019_6;2019_2;2;martes;entreSemana;baja
2019-06-05;157;5;6;2019;2;2019_6;2019_2;3;miércoles;entreSemana;baja
2019-06-06;158;6;6;2019;2;2019_6;2019_2;4;jueves;entreSemana;baja
2019-06-07;159;7;6;2019;2;2019_6;2019_2;5;viernes;visperaFinde;baja
2019-06-08;160;8;6;2019;2;2019_6;2019_2;6;sábado;Finde;baja
2019-06-09;161;9;6;2019;2;2019_6;2019_2;7;domingo;Finde;baja
2019-06-10;162;10;6;2019;2;2019_6;2019_2;1;lunes;entreSemana;baja
2019-06-11;163;11;6;2019;2;2019_6;2019_2;2;martes;entreSemana;baja
2019-06-12;164;12;6;2019;2;2019_6;2019_2;3;miércoles;entreSemana;baja
2019-06-13;165;13;6;2019;2;2019_6;2019_2;4;jueves;entreSemana;baja
2019-06-14;166;14;6;2019;2;2019_6;2019_2;5;viernes;visperaFinde;baja
2019-06-15;167;15;6;2019;2;2019_6;2019_2;6;sábado;Finde;baja
2019-06-16;168;16;6;2019;2;2019_6;2019_2;7;domingo;Finde;baja
2019-06-17;169;17;6;2019;2;2019_6;2019_2;1;lunes;entreSemana;baja
2019-06-18;170;18;6;2019;2;2019_6;2019_2;2;martes;entreSemana;baja
2019-06-19;171;19;6;2019;2;2019_6;2019_2;3;miércoles;entreSemana;baja
2019-06-20;172;20;6;2019;2;2019_6;2019_2;4;jueves;entreSemana;baja
2019-06-21;173;21;6;2019;2;2019_6;2019_2;5;viernes;visperaFinde;baja
2019-06-22;174;22;6;2019;2;2019_6;2019_2;6;sábado;Finde;baja
2019-06-23;175;23;6;2019;2;2019_6;2019_2;7;domingo;Finde;baja
2019-06-24;176;24;6;2019;2;2019_6;2019_2;1;lunes;entreSemana;baja
2019-06-25;177;25;6;2019;2;2019_6;2019_2;2;martes;entreSemana;baja
2019-06-26;178;26;6;2019;2;2019_6;2019_2;3;miércoles;entreSemana;baja
2019-06-27;179;27;6;2019;2;2019_6;2019_2;4;jueves;entreSemana;baja
2019-06-28;180;28;6;2019;2;2019_6;2019_2;5;viernes;visperaFinde;baja
2019-06-29;181;29;6;2019;2;2019_6;2019_2;6;sábado;Finde;alta
2019-06-30;182;30;6;2019;2;2019_6;2019_2;7;domingo;Finde;alta
2019-07-01;183;1;7;2019;3;2019_7;2019_3;1;lunes;entreSemana;alta
2019-07-02;184;2;7;2019;3;2019_7;2019_3;2;martes;entreSemana;alta
2019-07-03;185;3;7;2019;3;2019_7;2019_3;3;miércoles;entreSemana;alta
2019-07-04;186;4;7;2019;3;2019_7;2019_3;4;jueves;entreSemana;alta
2019-07-05;187;5;7;2019;3;2019_7;2019_3;5;viernes;visperaFinde;alta
2019-07-06;188;6;7;2019;3;2019_7;2019_3;6;sábado;Finde;alta
2019-07-07;189;7;7;2019;3;2019_7;2019_3;7;domingo;Finde;alta
2019-07-08;190;8;7;2019;3;2019_7;2019_3;1;lunes;entreSemana;alta
2019-07-09;191;9;7;2019;3;2019_7;2019_3;2;martes;entreSemana;alta
2019-07-10;192;10;7;2019;3;2019_7;2019_3;3;miércoles;entreSemana;alta
2019-07-11;193;11;7;2019;3;2019_7;2019_3;4;jueves;entreSemana;alta
2019-07-12;194;12;7;2019;3;2019_7;2019_3;5;viernes;visperaFinde;alta
2019-07-13;195;13;7;2019;3;2019_7;2019_3;6;sábado;Finde;alta
2019-07-14;196;14;7;2019;3;2019_7;2019_3;7;domingo;Finde;alta
2019-07-15;197;15;7;2019;3;2019_7;2019_3;1;lunes;entreSemana;alta
2019-07-16;198;16;7;2019;3;2019_7;2019_3;2;martes;entreSemana;alta
2019-07-17;199;17;7;2019;3;2019_7;2019_3;3;miércoles;entreSemana;alta
2019-07-18;200;18;7;2019;3;2019_7;2019_3;4;jueves;entreSemana;alta
2019-07-19;201;19;7;2019;3;2019_7;2019_3;5;viernes;visperaFinde;alta
2019-07-20;202;20;7;2019;3;2019_7;2019_3;6;sábado;Finde;alta
2019-07-21;203;21;7;2019;3;2019_7;2019_3;7;domingo;Finde;alta
2019-07-22;204;22;7;2019;3;2019_7;2019_3;1;lunes;entreSemana;alta
2019-07-23;205;23;7;2019;3;2019_7;2019_3;2;martes;entreSemana;alta
2019-07-24;206;24;7;2019;3;2019_7;2019_3;3;miércoles;entreSemana;alta
2019-07-25;207;25;7;2019;3;2019_7;2019_3;4;jueves;entreSemana;alta
2019-07-26;208;26;7;2019;3;2019_7;2019_3;5;viernes;visperaFinde;alta
2019-07-27;209;27;7;2019;3;2019_7;2019_3;6;sábado;Finde;alta
2019-07-28;210;28;7;2019;3;2019_7;2019_3;7;domingo;Finde;alta
2019-07-29;211;29;7;2019;3;2019_7;2019_3;1;lunes;entreSemana;alta
2019-07-30;212;30;7;2019;3;2019_7;2019_3;2;martes;entreSemana;alta
2019-07-31;213;31;7;2019;3;2019_7;2019_3;3;miércoles;entreSemana;alta
2019-08-01;214;1;8;2019;3;2019_8;2019_3;4;jueves;entreSemana;alta
2019-08-02;215;2;8;2019;3;2019_8;2019_3;5;viernes;visperaFinde;alta
2019-08-03;216;3;8;2019;3;2019_8;2019_3;6;sábado;Finde;alta
2019-08-04;217;4;8;2019;3;2019_8;2019_3;7;domingo;Finde;alta
2019-08-05;218;5;8;2019;3;2019_8;2019_3;1;lunes;entreSemana;alta
2019-08-06;219;6;8;2019;3;2019_8;2019_3;2;martes;entreSemana;alta
2019-08-07;220;7;8;2019;3;2019_8;2019_3;3;miércoles;entreSemana;alta
2019-08-08;221;8;8;2019;3;2019_8;2019_3;4;jueves;entreSemana;alta
2019-08-09;222;9;8;2019;3;2019_8;2019_3;5;viernes;visperaFinde;alta
2019-08-10;223;10;8;2019;3;2019_8;2019_3;6;sábado;Finde;alta
2019-08-11;224;11;8;2019;3;2019_8;2019_3;7;domingo;Finde;alta
2019-08-12;225;12;8;2019;3;2019_8;2019_3;1;lunes;entreSemana;alta
2019-08-13;226;13;8;2019;3;2019_8;2019_3;2;martes;entreSemana;alta
2019-08-14;227;14;8;2019;3;2019_8;2019_3;3;miércoles;entreSemana;alta
2019-08-15;228;15;8;2019;3;2019_8;2019_3;4;jueves;entreSemana;alta
2019-08-16;229;16;8;2019;3;2019_8;2019_3;5;viernes;visperaFinde;alta
2019-08-17;230;17;8;2019;3;2019_8;2019_3;6;sábado;Finde;alta
2019-08-18;231;18;8;2019;3;2019_8;2019_3;7;domingo;Finde;alta
2019-08-19;232;19;8;2019;3;2019_8;2019_3;1;lunes;entreSemana;alta
2019-08-20;233;20;8;2019;3;2019_8;2019_3;2;martes;entreSemana;alta
2019-08-21;234;21;8;2019;3;2019_8;2019_3;3;miércoles;entreSemana;alta
2019-08-22;235;22;8;2019;3;2019_8;2019_3;4;jueves;entreSemana;alta
2019-08-23;236;23;8;2019;3;2019_8;2019_3;5;viernes;visperaFinde;alta
2019-08-24;237;24;8;2019;3;2019_8;2019_3;6;sábado;Finde;alta
2019-08-25;238;25;8;2019;3;2019_8;2019_3;7;domingo;Finde;alta
2019-08-26;239;26;8;2019;3;2019_8;2019_3;1;lunes;entreSemana;alta
2019-08-27;240;27;8;2019;3;2019_8;2019_3;2;martes;entreSemana;alta
2019-08-28;241;28;8;2019;3;2019_8;2019_3;3;miércoles;entreSemana;alta
2019-08-29;242;29;8;2019;3;2019_8;2019_3;4;jueves;entreSemana;alta
2019-08-30;243;30;8;2019;3;2019_8;2019_3;5;viernes;visperaFinde;alta
2019-08-31;244;31;8;2019;3;2019_8;2019_3;6;sábado;Finde;alta
2019-09-01;245;1;9;2019;3;2019_9;2019_3;7;domingo;Finde;alta
2019-09-02;246;2;9;2019;3;2019_9;2019_3;1;lunes;entreSemana;alta
2019-09-03;247;3;9;2019;3;2019_9;2019_3;2;martes;entreSemana;alta
2019-09-04;248;4;9;2019;3;2019_9;2019_3;3;miércoles;entreSemana;alta
2019-09-05;249;5;9;2019;3;2019_9;2019_3;4;jueves;entreSemana;alta
2019-09-06;250;6;9;2019;3;2019_9;2019_3;5;viernes;visperaFinde;alta
2019-09-07;251;7;9;2019;3;2019_9;2019_3;6;sábado;Finde;alta
2019-09-08;252;8;9;2019;3;2019_9;2019_3;7;domingo;Finde;alta
2019-09-09;253;9;9;2019;3;2019_9;2019_3;1;lunes;entreSemana;baja
2019-09-10;254;10;9;2019;3;2019_9;2019_3;2;martes;entreSemana;baja
2019-09-11;255;11;9;2019;3;2019_9;2019_3;3;miércoles;entreSemana;baja
2019-09-12;256;12;9;2019;3;2019_9;2019_3;4;jueves;entreSemana;baja
2019-09-13;257;13;9;2019;3;2019_9;2019_3;5;viernes;visperaFinde;baja
2019-09-14;258;14;9;2019;3;2019_9;2019_3;6;sábado;Finde;baja
2019-09-15;259;15;9;2019;3;2019_9;2019_3;7;domingo;Finde;baja
2019-09-16;260;16;9;2019;3;2019_9;2019_3;1;lunes;entreSemana;baja
2019-09-17;261;17;9;2019;3;2019_9;2019_3;2;martes;entreSemana;baja
2019-09-18;262;18;9;2019;3;2019_9;2019_3;3;miércoles;entreSemana;baja
2019-09-19;263;19;9;2019;3;2019_9;2019_3;4;jueves;entreSemana;baja
2019-09-20;264;20;9;2019;3;2019_9;2019_3;5;viernes;visperaFinde;baja
2019-09-21;265;21;9;2019;3;2019_9;2019_3;6;sábado;Finde;baja
2019-09-22;266;22;9;2019;3;2019_9;2019_3;7;domingo;Finde;baja
2019-09-23;267;23;9;2019;3;2019_9;2019_3;1;lunes;entreSemana;baja
2019-09-24;268;24;9;2019;3;2019_9;2019_3;2;martes;entreSemana;baja
2019-09-25;269;25;9;2019;3;2019_9;2019_3;3;miércoles;entreSemana;baja
2019-09-26;270;26;9;2019;3;2019_9;2019_3;4;jueves;entreSemana;baja
2019-09-27;271;27;9;2019;3;2019_9;2019_3;5;viernes;visperaFinde;baja
2019-09-28;272;28;9;2019;3;2019_9;2019_3;6;sábado;Finde;baja
2019-09-29;273;29;9;2019;3;2019_9;2019_3;7;domingo;Finde;baja
2019-09-30;274;30;9;2019;3;2019_9;2019_3;1;lunes;entreSemana;baja
2019-10-01;275;1;10;2019;4;2019_10;2019_4;2;martes;entreSemana;baja
2019-10-02;276;2;10;2019;4;2019_10;2019_4;3;miércoles;entreSemana;baja
2019-10-03;277;3;10;2019;4;2019_10;2019_4;4;jueves;entreSemana;baja
2019-10-04;278;4;10;2019;4;2019_10;2019_4;5;viernes;visperaFinde;baja
2019-10-05;279;5;10;2019;4;2019_10;2019_4;6;sábado;Finde;baja
2019-10-06;280;6;10;2019;4;2019_10;2019_4;7;domingo;Finde;baja
2019-10-07;281;7;10;2019;4;2019_10;2019_4;1;lunes;entreSemana;baja
2019-10-08;282;8;10;2019;4;2019_10;2019_4;2;martes;entreSemana;baja
2019-10-09;283;9;10;2019;4;2019_10;2019_4;3;miércoles;entreSemana;baja
2019-10-10;284;10;10;2019;4;2019_10;2019_4;4;jueves;entreSemana;baja
2019-10-11;285;11;10;2019;4;2019_10;2019_4;5;viernes;visperaFinde;baja
2019-10-12;286;12;10;2019;4;2019_10;2019_4;6;sábado;Finde;baja
2019-10-13;287;13;10;2019;4;2019_10;2019_4;7;domingo;Finde;baja
2019-10-14;288;14;10;2019;4;2019_10;2019_4;1;lunes;entreSemana;baja
2019-10-15;289;15;10;2019;4;2019_10;2019_4;2;martes;entreSemana;baja
2019-10-16;290;16;10;2019;4;2019_10;2019_4;3;miércoles;entreSemana;baja
2019-10-17;291;17;10;2019;4;2019_10;2019_4;4;jueves;entreSemana;baja
2019-10-18;292;18;10;2019;4;2019_10;2019_4;5;viernes;visperaFinde;baja
2019-10-19;293;19;10;2019;4;2019_10;2019_4;6;sábado;Finde;baja
2019-10-20;294;20;10;2019;4;2019_10;2019_4;7;domingo;Finde;baja
2019-10-21;295;21;10;2019;4;2019_10;2019_4;1;lunes;entreSemana;baja
2019-10-22;296;22;10;2019;4;2019_10;2019_4;2;martes;entreSemana;baja
2019-10-23;297;23;10;2019;4;2019_10;2019_4;3;miércoles;entreSemana;baja
2019-10-24;298;24;10;2019;4;2019_10;2019_4;4;jueves;entreSemana;baja
2019-10-25;299;25;10;2019;4;2019_10;2019_4;5;viernes;visperaFinde;baja
2019-10-26;300;26;10;2019;4;2019_10;2019_4;6;sábado;Finde;baja
2019-10-27;301;27;10;2019;4;2019_10;2019_4;7;domingo;Finde;baja
2019-10-28;302;28;10;2019;4;2019_10;2019_4;1;lunes;entreSemana;baja
2019-10-29;303;29;10;2019;4;2019_10;2019_4;2;martes;entreSemana;baja
2019-10-30;304;30;10;2019;4;2019_10;2019_4;3;miércoles;entreSemana;baja
2019-10-31;305;31;10;2019;4;2019_10;2019_4;4;jueves;entreSemana;baja
2019-11-01;306;1;11;2019;4;2019_11;2019_4;5;viernes;visperaFinde;baja
2019-11-02;307;2;11;2019;4;2019_11;2019_4;6;sábado;Finde;baja
2019-11-03;308;3;11;2019;4;2019_11;2019_4;7;domingo;Finde;baja
2019-11-04;309;4;11;2019;4;2019_11;2019_4;1;lunes;entreSemana;baja
2019-11-05;310;5;11;2019;4;2019_11;2019_4;2;martes;entreSemana;baja
2019-11-06;311;6;11;2019;4;2019_11;2019_4;3;miércoles;entreSemana;baja
2019-11-07;312;7;11;2019;4;2019_11;2019_4;4;jueves;entreSemana;baja
2019-11-08;313;8;11;2019;4;2019_11;2019_4;5;viernes;visperaFinde;baja
2019-11-09;314;9;11;2019;4;2019_11;2019_4;6;sábado;Finde;baja
2019-11-10;315;10;11;2019;4;2019_11;2019_4;7;domingo;Finde;baja
2019-11-11;316;11;11;2019;4;2019_11;2019_4;1;lunes;entreSemana;baja
2019-11-12;317;12;11;2019;4;2019_11;2019_4;2;martes;entreSemana;baja
2019-11-13;318;13;11;2019;4;2019_11;2019_4;3;miércoles;entreSemana;baja
2019-11-14;319;14;11;2019;4;2019_11;2019_4;4;jueves;entreSemana;baja
2019-11-15;320;15;11;2019;4;2019_11;2019_4;5;viernes;visperaFinde;baja
2019-11-16;321;16;11;2019;4;2019_11;2019_4;6;sábado;Finde;baja
2019-11-17;322;17;11;2019;4;2019_11;2019_4;7;domingo;Finde;baja
2019-11-18;323;18;11;2019;4;2019_11;2019_4;1;lunes;entreSemana;baja
2019-11-19;324;19;11;2019;4;2019_11;2019_4;2;martes;entreSemana;baja
2019-11-20;325;20;11;2019;4;2019_11;2019_4;3;miércoles;entreSemana;baja
2019-11-21;326;21;11;2019;4;2019_11;2019_4;4;jueves;entreSemana;baja
2019-11-22;327;22;11;2019;4;2019_11;2019_4;5;viernes;visperaFinde;baja
2019-11-23;328;23;11;2019;4;2019_11;2019_4;6;sábado;Finde;baja
2019-11-24;329;24;11;2019;4;2019_11;2019_4;7;domingo;Finde;baja
2019-11-25;330;25;11;2019;4;2019_11;2019_4;1;lunes;entreSemana;baja
2019-11-26;331;26;11;2019;4;2019_11;2019_4;2;martes;entreSemana;baja
2019-11-27;332;27;11;2019;4;2019_11;2019_4;3;miércoles;entreSemana;baja
2019-11-28;333;28;11;2019;4;2019_11;2019_4;4;jueves;entreSemana;baja
2019-11-29;334;29;11;2019;4;2019_11;2019_4;5;viernes;visperaFinde;baja
2019-11-30;335;30;11;2019;4;2019_11;2019_4;6;sábado;Finde;baja
2019-12-01;336;1;12;2019;4;2019_12;2019_4;7;domingo;Finde;baja
2019-12-02;337;2;12;2019;4;2019_12;2019_4;1;lunes;entreSemana;baja
2019-12-03;338;3;12;2019;4;2019_12;2019_4;2;martes;entreSemana;baja
2019-12-04;339;4;12;2019;4;2019_12;2019_4;3;miércoles;entreSemana;baja
2019-12-05;340;5;12;2019;4;2019_12;2019_4;4;jueves;entreSemana;baja
2019-12-06;341;6;12;2019;4;2019_12;2019_4;5;viernes;visperaFinde;alta
2019-12-07;342;7;12;2019;4;2019_12;2019_4;6;sábado;Finde;alta
2019-12-08;343;8;12;2019;4;2019_12;2019_4;7;domingo;Finde;alta
2019-12-09;344;9;12;2019;4;2019_12;2019_4;1;lunes;entreSemana;baja
2019-12-10;345;10;12;2019;4;2019_12;2019_4;2;martes;entreSemana;baja
2019-12-11;346;11;12;2019;4;2019_12;2019_4;3;miércoles;entreSemana;baja
2019-12-12;347;12;12;2019;4;2019_12;2019_4;4;jueves;entreSemana;baja
2019-12-13;348;13;12;2019;4;2019_12;2019_4;5;viernes;visperaFinde;baja
2019-12-14;349;14;12;2019;4;2019_12;2019_4;6;sábado;Finde;baja
2019-12-15;350;15;12;2019;4;2019_12;2019_4;7;domingo;Finde;baja
2019-12-16;351;16;12;2019;4;2019_12;2019_4;1;lunes;entreSemana;baja
2019-12-17;352;17;12;2019;4;2019_12;2019_4;2;martes;entreSemana;baja
2019-12-18;353;18;12;2019;4;2019_12;2019_4;3;miércoles;entreSemana;baja
2019-12-19;354;19;12;2019;4;2019_12;2019_4;4;jueves;entreSemana;baja
2019-12-20;355;20;12;2019;4;2019_12;2019_4;5;viernes;visperaFinde;baja
2019-12-21;356;21;12;2019;4;2019_12;2019_4;6;sábado;Finde;baja
2019-12-22;357;22;12;2019;4;2019_12;2019_4;7;domingo;Finde;baja
2019-12-23;358;23;12;2019;4;2019_12;2019_4;1;lunes;entreSemana;baja
2019-12-24;359;24;12;2019;4;2019_12;2019_4;2;martes;entreSemana;alta
2019-12-25;360;25;12;2019;4;2019_12;2019_4;3;miércoles;entreSemana;alta
2019-12-26;361;26;12;2019;4;2019_12;2019_4;4;jueves;entreSemana;alta
2019-12-27;362;27;12;2019;4;2019_12;2019_4;5;viernes;visperaFinde;alta
2019-12-28;363;28;12;2019;4;2019_12;2019_4;6;sábado;Finde;alta
2019-12-29;364;29;12;2019;4;2019_12;2019_4;7;domingo;Finde;alta
2019-12-30;1;30;12;2019;1;2019_12;2019_1;1;lunes;entreSemana;alta
2019-12-31;2;31;12;2019;1;2019_12;2019_1;2;martes;entreSemana;alta
2020-01-01;3;1;1;2020;1;2020_1;2020_1;3;miércoles;entreSemana;alta
2020-01-02;4;2;1;2020;1;2020_1;2020_1;4;jueves;entreSemana;alta
2020-01-03;5;3;1;2020;1;2020_1;2020_1;5;viernes;visperaFinde;alta
2020-01-04;6;4;1;2020;1;2020_1;2020_1;6;sábado;Finde;alta
2020-01-05;7;5;1;2020;1;2020_1;2020_1;7;domingo;Finde;alta
2020-01-06;8;6;1;2020;1;2020_1;2020_1;1;lunes;entreSemana;alta
2020-01-07;9;7;1;2020;1;2020_1;2020_1;2;martes;entreSemana;baja
2020-01-08;10;8;1;2020;1;2020_1;2020_1;3;miércoles;entreSemana;baja
2020-01-09;11;9;1;2020;1;2020_1;2020_1;4;jueves;entreSemana;baja
2020-01-10;12;10;1;2020;1;2020_1;2020_1;5;viernes;visperaFinde;baja
2020-01-11;13;11;1;2020;1;2020_1;2020_1;6;sábado;Finde;baja
2020-01-12;14;12;1;2020;1;2020_1;2020_1;7;domingo;Finde;baja
2020-01-13;15;13;1;2020;1;2020_1;2020_1;1;lunes;entreSemana;baja
2020-01-14;16;14;1;2020;1;2020_1;2020_1;2;martes;entreSemana;baja
2020-01-15;17;15;1;2020;1;2020_1;2020_1;3;miércoles;entreSemana;baja
2020-01-16;18;16;1;2020;1;2020_1;2020_1;4;jueves;entreSemana;baja
2020-01-17;19;17;1;2020;1;2020_1;2020_1;5;viernes;visperaFinde;baja
2020-01-18;20;18;1;2020;1;2020_1;2020_1;6;sábado;Finde;baja
2020-01-19;21;19;1;2020;1;2020_1;2020_1;7;domingo;Finde;baja
2020-01-20;22;20;1;2020;1;2020_1;2020_1;1;lunes;entreSemana;baja
2020-01-21;23;21;1;2020;1;2020_1;2020_1;2;martes;entreSemana;baja
2020-01-22;24;22;1;2020;1;2020_1;2020_1;3;miércoles;entreSemana;baja
2020-01-23;25;23;1;2020;1;2020_1;2020_1;4;jueves;entreSemana;baja
2020-01-24;26;24;1;2020;1;2020_1;2020_1;5;viernes;visperaFinde;baja
2020-01-25;27;25;1;2020;1;2020_1;2020_1;6;sábado;Finde;baja
2020-01-26;28;26;1;2020;1;2020_1;2020_1;7;domingo;Finde;baja
2020-01-27;29;27;1;2020;1;2020_1;2020_1;1;lunes;entreSemana;baja
2020-01-28;30;28;1;2020;1;2020_1;2020_1;2;martes;entreSemana;baja
2020-01-29;31;29;1;2020;1;2020_1;2020_1;3;miércoles;entreSemana;baja
2020-01-30;32;30;1;2020;1;2020_1;2020_1;4;jueves;entreSemana;baja
2020-01-31;33;31;1;2020;1;2020_1;2020_1;5;viernes;visperaFinde;baja
2020-02-01;34;1;2;2020;1;2020_2;2020_1;6;sábado;Finde;baja
2020-02-02;35;2;2;2020;1;2020_2;2020_1;7;domingo;Finde;baja
2020-02-03;36;3;2;2020;1;2020_2;2020_1;1;lunes;entreSemana;baja
2020-02-04;37;4;2;2020;1;2020_2;2020_1;2;martes;entreSemana;baja
2020-02-05;38;5;2;2020;1;2020_2;2020_1;3;miércoles;entreSemana;baja
2020-02-06;39;6;2;2020;1;2020_2;2020_1;4;jueves;entreSemana;baja
2020-02-07;40;7;2;2020;1;2020_2;2020_1;5;viernes;visperaFinde;baja
2020-02-08;41;8;2;2020;1;2020_2;2020_1;6;sábado;Finde;baja
2020-02-09;42;9;2;2020;1;2020_2;2020_1;7;domingo;Finde;baja
2020-02-10;43;10;2;2020;1;2020_2;2020_1;1;lunes;entreSemana;baja
2020-02-11;44;11;2;2020;1;2020_2;2020_1;2;martes;entreSemana;baja
2020-02-12;45;12;2;2020;1;2020_2;2020_1;3;miércoles;entreSemana;baja
2020-02-13;46;13;2;2020;1;2020_2;2020_1;4;jueves;entreSemana;baja
2020-02-14;47;14;2;2020;1;2020_2;2020_1;5;viernes;visperaFinde;baja
2020-02-15;48;15;2;2020;1;2020_2;2020_1;6;sábado;Finde;baja
2020-02-16;49;16;2;2020;1;2020_2;2020_1;7;domingo;Finde;baja
2020-02-17;50;17;2;2020;1;2020_2;2020_1;1;lunes;entreSemana;baja
2020-02-18;51;18;2;2020;1;2020_2;2020_1;2;martes;entreSemana;baja
2020-02-19;52;19;2;2020;1;2020_2;2020_1;3;miércoles;entreSemana;baja
2020-02-20;53;20;2;2020;1;2020_2;2020_1;4;jueves;entreSemana;baja
2020-02-21;54;21;2;2020;1;2020_2;2020_1;5;viernes;visperaFinde;baja
2020-02-22;55;22;2;2020;1;2020_2;2020_1;6;sábado;Finde;baja
2020-02-23;56;23;2;2020;1;2020_2;2020_1;7;domingo;Finde;baja
2020-02-24;57;24;2;2020;1;2020_2;2020_1;1;lunes;entreSemana;baja
2020-02-25;58;25;2;2020;1;2020_2;2020_1;2;martes;entreSemana;baja
2020-02-26;59;26;2;2020;1;2020_2;2020_1;3;miércoles;entreSemana;baja
2020-02-27;60;27;2;2020;1;2020_2;2020_1;4;jueves;entreSemana;baja
2020-02-28;61;28;2;2020;1;2020_2;2020_1;5;viernes;visperaFinde;baja
2020-02-29;62;29;2;2020;1;2020_2;2020_1;6;sábado;Finde;baja
2020-03-01;63;1;3;2020;1;2020_3;2020_1;7;domingo;Finde;baja
2020-03-02;64;2;3;2020;1;2020_3;2020_1;1;lunes;entreSemana;baja
2020-03-03;65;3;3;2020;1;2020_3;2020_1;2;martes;entreSemana;baja
2020-03-04;66;4;3;2020;1;2020_3;2020_1;3;miércoles;entreSemana;baja
2020-03-05;67;5;3;2020;1;2020_3;2020_1;4;jueves;entreSemana;baja
2020-03-06;68;6;3;2020;1;2020_3;2020_1;5;viernes;visperaFinde;baja
2020-03-07;69;7;3;2020;1;2020_3;2020_1;6;sábado;Finde;baja
2020-03-08;70;8;3;2020;1;2020_3;2020_1;7;domingo;Finde;baja
2020-03-09;71;9;3;2020;1;2020_3;2020_1;1;lunes;entreSemana;baja
2020-03-10;72;10;3;2020;1;2020_3;2020_1;2;martes;entreSemana;baja
2020-03-11;73;11;3;2020;1;2020_3;2020_1;3;miércoles;entreSemana;baja
2020-03-12;74;12;3;2020;1;2020_3;2020_1;4;jueves;entreSemana;baja
2020-03-13;75;13;3;2020;1;2020_3;2020_1;5;viernes;visperaFinde;baja
2020-03-14;76;14;3;2020;1;2020_3;2020_1;6;sábado;Finde;baja
2020-03-15;77;15;3;2020;1;2020_3;2020_1;7;domingo;Finde;baja
2020-03-16;78;16;3;2020;1;2020_3;2020_1;1;lunes;entreSemana;baja
2020-03-17;79;17;3;2020;1;2020_3;2020_1;2;martes;entreSemana;baja
2020-03-18;80;18;3;2020;1;2020_3;2020_1;3;miércoles;entreSemana;baja
2020-03-19;81;19;3;2020;1;2020_3;2020_1;4;jueves;entreSemana;baja
2020-03-20;82;20;3;2020;1;2020_3;2020_1;5;viernes;visperaFinde;baja
2020-03-21;83;21;3;2020;1;2020_3;2020_1;6;sábado;Finde;baja
2020-03-22;84;22;3;2020;1;2020_3;2020_1;7;domingo;Finde;baja
2020-03-23;85;23;3;2020;1;2020_3;2020_1;1;lunes;entreSemana;baja
2020-03-24;86;24;3;2020;1;2020_3;2020_1;2;martes;entreSemana;baja
2020-03-25;87;25;3;2020;1;2020_3;2020_1;3;miércoles;entreSemana;baja
2020-03-26;88;26;3;2020;1;2020_3;2020_1;4;jueves;entreSemana;baja
2020-03-27;89;27;3;2020;1;2020_3;2020_1;5;viernes;visperaFinde;baja
2020-03-28;90;28;3;2020;1;2020_3;2020_1;6;sábado;Finde;baja
2020-03-29;91;29;3;2020;1;2020_3;2020_1;7;domingo;Finde;baja
2020-03-30;92;30;3;2020;1;2020_3;2020_1;1;lunes;entreSemana;baja
2020-03-31;93;31;3;2020;1;2020_3;2020_1;2;martes;entreSemana;baja
2020-04-01;94;1;4;2020;2;2020_4;2020_2;3;miércoles;entreSemana;baja
2020-04-02;95;2;4;2020;2;2020_4;2020_2;4;jueves;entreSemana;baja
2020-04-03;96;3;4;2020;2;2020_4;2020_2;5;viernes;visperaFinde;baja
2020-04-04;97;4;4;2020;2;2020_4;2020_2;6;sábado;Finde;baja
2020-04-05;98;5;4;2020;2;2020_4;2020_2;7;domingo;Finde;baja
2020-04-06;99;6;4;2020;2;2020_4;2020_2;1;lunes;entreSemana;baja
2020-04-07;100;7;4;2020;2;2020_4;2020_2;2;martes;entreSemana;baja
2020-04-08;101;8;4;2020;2;2020_4;2020_2;3;miércoles;entreSemana;alta
2020-04-09;102;9;4;2020;2;2020_4;2020_2;4;jueves;entreSemana;alta
2020-04-10;103;10;4;2020;2;2020_4;2020_2;5;viernes;visperaFinde;alta
2020-04-11;104;11;4;2020;2;2020_4;2020_2;6;sábado;Finde;alta
2020-04-12;105;12;4;2020;2;2020_4;2020_2;7;domingo;Finde;alta
2020-04-13;106;13;4;2020;2;2020_4;2020_2;1;lunes;entreSemana;baja
2020-04-14;107;14;4;2020;2;2020_4;2020_2;2;martes;entreSemana;baja
2020-04-15;108;15;4;2020;2;2020_4;2020_2;3;miércoles;entreSemana;baja
2020-04-16;109;16;4;2020;2;2020_4;2020_2;4;jueves;entreSemana;baja
2020-04-17;110;17;4;2020;2;2020_4;2020_2;5;viernes;visperaFinde;baja
2020-04-18;111;18;4;2020;2;2020_4;2020_2;6;sábado;Finde;baja
2020-04-19;112;19;4;2020;2;2020_4;2020_2;7;domingo;Finde;baja
2020-04-20;113;20;4;2020;2;2020_4;2020_2;1;lunes;entreSemana;baja
2020-04-21;114;21;4;2020;2;2020_4;2020_2;2;martes;entreSemana;baja
2020-04-22;115;22;4;2020;2;2020_4;2020_2;3;miércoles;entreSemana;baja
2020-04-23;116;23;4;2020;2;2020_4;2020_2;4;jueves;entreSemana;baja
2020-04-24;117;24;4;2020;2;2020_4;2020_2;5;viernes;visperaFinde;baja
2020-04-25;118;25;4;2020;2;2020_4;2020_2;6;sábado;Finde;baja
2020-04-26;119;26;4;2020;2;2020_4;2020_2;7;domingo;Finde;baja
2020-04-27;120;27;4;2020;2;2020_4;2020_2;1;lunes;entreSemana;baja
2020-04-28;121;28;4;2020;2;2020_4;2020_2;2;martes;entreSemana;baja
2020-04-29;122;29;4;2020;2;2020_4;2020_2;3;miércoles;entreSemana;baja
2020-04-30;123;30;4;2020;2;2020_4;2020_2;4;jueves;entreSemana;baja
2020-05-01;124;1;5;2020;2;2020_5;2020_2;5;viernes;visperaFinde;baja
2020-05-02;125;2;5;2020;2;2020_5;2020_2;6;sábado;Finde;baja
2020-05-03;126;3;5;2020;2;2020_5;2020_2;7;domingo;Finde;baja
2020-05-04;127;4;5;2020;2;2020_5;2020_2;1;lunes;entreSemana;baja
2020-05-05;128;5;5;2020;2;2020_5;2020_2;2;martes;entreSemana;baja
2020-05-06;129;6;5;2020;2;2020_5;2020_2;3;miércoles;entreSemana;baja
2020-05-07;130;7;5;2020;2;2020_5;2020_2;4;jueves;entreSemana;baja
2020-05-08;131;8;5;2020;2;2020_5;2020_2;5;viernes;visperaFinde;baja
2020-05-09;132;9;5;2020;2;2020_5;2020_2;6;sábado;Finde;baja
2020-05-10;133;10;5;2020;2;2020_5;2020_2;7;domingo;Finde;baja
2020-05-11;134;11;5;2020;2;2020_5;2020_2;1;lunes;entreSemana;baja
2020-05-12;135;12;5;2020;2;2020_5;2020_2;2;martes;entreSemana;baja
2020-05-13;136;13;5;2020;2;2020_5;2020_2;3;miércoles;entreSemana;baja
2020-05-14;137;14;5;2020;2;2020_5;2020_2;4;jueves;entreSemana;baja
2020-05-15;138;15;5;2020;2;2020_5;2020_2;5;viernes;visperaFinde;baja
2020-05-16;139;16;5;2020;2;2020_5;2020_2;6;sábado;Finde;baja
2020-05-17;140;17;5;2020;2;2020_5;2020_2;7;domingo;Finde;baja
2020-05-18;141;18;5;2020;2;2020_5;2020_2;1;lunes;entreSemana;baja
2020-05-19;142;19;5;2020;2;2020_5;2020_2;2;martes;entreSemana;baja
2020-05-20;143;20;5;2020;2;2020_5;2020_2;3;miércoles;entreSemana;baja
2020-05-21;144;21;5;2020;2;2020_5;2020_2;4;jueves;entreSemana;baja
2020-05-22;145;22;5;2020;2;2020_5;2020_2;5;viernes;visperaFinde;baja
2020-05-23;146;23;5;2020;2;2020_5;2020_2;6;sábado;Finde;baja
2020-05-24;147;24;5;2020;2;2020_5;2020_2;7;domingo;Finde;baja
2020-05-25;148;25;5;2020;2;2020_5;2020_2;1;lunes;entreSemana;baja
2020-05-26;149;26;5;2020;2;2020_5;2020_2;2;martes;entreSemana;baja
2020-05-27;150;27;5;2020;2;2020_5;2020_2;3;miércoles;entreSemana;baja
2020-05-28;151;28;5;2020;2;2020_5;2020_2;4;jueves;entreSemana;baja
2020-05-29;152;29;5;2020;2;2020_5;2020_2;5;viernes;visperaFinde;baja
2020-05-30;153;30;5;2020;2;2020_5;2020_2;6;sábado;Finde;baja
2020-05-31;154;31;5;2020;2;2020_5;2020_2;7;domingo;Finde;baja
2020-06-01;155;1;6;2020;2;2020_6;2020_2;1;lunes;entreSemana;baja
2020-06-02;156;2;6;2020;2;2020_6;2020_2;2;martes;entreSemana;baja
2020-06-03;157;3;6;2020;2;2020_6;2020_2;3;miércoles;entreSemana;baja
2020-06-04;158;4;6;2020;2;2020_6;2020_2;4;jueves;entreSemana;baja
2020-06-05;159;5;6;2020;2;2020_6;2020_2;5;viernes;visperaFinde;baja
2020-06-06;160;6;6;2020;2;2020_6;2020_2;6;sábado;Finde;baja
2020-06-07;161;7;6;2020;2;2020_6;2020_2;7;domingo;Finde;baja
2020-06-08;162;8;6;2020;2;2020_6;2020_2;1;lunes;entreSemana;baja
2020-06-09;163;9;6;2020;2;2020_6;2020_2;2;martes;entreSemana;baja
2020-06-10;164;10;6;2020;2;2020_6;2020_2;3;miércoles;entreSemana;baja
2020-06-11;165;11;6;2020;2;2020_6;2020_2;4;jueves;entreSemana;baja
2020-06-12;166;12;6;2020;2;2020_6;2020_2;5;viernes;visperaFinde;baja
2020-06-13;167;13;6;2020;2;2020_6;2020_2;6;sábado;Finde;baja
2020-06-14;168;14;6;2020;2;2020_6;2020_2;7;domingo;Finde;baja
2020-06-15;169;15;6;2020;2;2020_6;2020_2;1;lunes;entreSemana;baja
2020-06-16;170;16;6;2020;2;2020_6;2020_2;2;martes;entreSemana;baja
2020-06-17;171;17;6;2020;2;2020_6;2020_2;3;miércoles;entreSemana;baja
2020-06-18;172;18;6;2020;2;2020_6;2020_2;4;jueves;entreSemana;baja
2020-06-19;173;19;6;2020;2;2020_6;2020_2;5;viernes;visperaFinde;baja
2020-06-20;174;20;6;2020;2;2020_6;2020_2;6;sábado;Finde;baja
2020-06-21;175;21;6;2020;2;2020_6;2020_2;7;domingo;Finde;baja
2020-06-22;176;22;6;2020;2;2020_6;2020_2;1;lunes;entreSemana;baja
2020-06-23;177;23;6;2020;2;2020_6;2020_2;2;martes;entreSemana;baja
2020-06-24;178;24;6;2020;2;2020_6;2020_2;3;miércoles;entreSemana;baja
2020-06-25;179;25;6;2020;2;2020_6;2020_2;4;jueves;entreSemana;baja
2020-06-26;180;26;6;2020;2;2020_6;2020_2;5;viernes;visperaFinde;baja
2020-06-27;181;27;6;2020;2;2020_6;2020_2;6;sábado;Finde;baja
2020-06-28;182;28;6;2020;2;2020_6;2020_2;7;domingo;Finde;baja
2020-06-29;183;29;6;2020;2;2020_6;2020_2;1;lunes;entreSemana;baja
2020-06-30;184;30;6;2020;2;2020_6;2020_2;2;martes;entreSemana;baja
2020-07-01;185;1;7;2020;3;2020_7;2020_3;3;miércoles;entreSemana;alta
2020-07-02;186;2;7;2020;3;2020_7;2020_3;4;jueves;entreSemana;alta
2020-07-03;187;3;7;2020;3;2020_7;2020_3;5;viernes;visperaFinde;alta
2020-07-04;188;4;7;2020;3;2020_7;2020_3;6;sábado;Finde;alta
2020-07-05;189;5;7;2020;3;2020_7;2020_3;7;domingo;Finde;alta
2020-07-06;190;6;7;2020;3;2020_7;2020_3;1;lunes;entreSemana;alta
2020-07-07;191;7;7;2020;3;2020_7;2020_3;2;martes;entreSemana;alta
2020-07-08;192;8;7;2020;3;2020_7;2020_3;3;miércoles;entreSemana;alta
2020-07-09;193;9;7;2020;3;2020_7;2020_3;4;jueves;entreSemana;alta
2020-07-10;194;10;7;2020;3;2020_7;2020_3;5;viernes;visperaFinde;alta
2020-07-11;195;11;7;2020;3;2020_7;2020_3;6;sábado;Finde;alta
2020-07-12;196;12;7;2020;3;2020_7;2020_3;7;domingo;Finde;alta
2020-07-13;197;13;7;2020;3;2020_7;2020_3;1;lunes;entreSemana;alta
2020-07-14;198;14;7;2020;3;2020_7;2020_3;2;martes;entreSemana;alta
2020-07-15;199;15;7;2020;3;2020_7;2020_3;3;miércoles;entreSemana;alta
2020-07-16;200;16;7;2020;3;2020_7;2020_3;4;jueves;entreSemana;alta
2020-07-17;201;17;7;2020;3;2020_7;2020_3;5;viernes;visperaFinde;alta
2020-07-18;202;18;7;2020;3;2020_7;2020_3;6;sábado;Finde;alta
2020-07-19;203;19;7;2020;3;2020_7;2020_3;7;domingo;Finde;alta
2020-07-20;204;20;7;2020;3;2020_7;2020_3;1;lunes;entreSemana;alta
2020-07-21;205;21;7;2020;3;2020_7;2020_3;2;martes;entreSemana;alta
2020-07-22;206;22;7;2020;3;2020_7;2020_3;3;miércoles;entreSemana;alta
2020-07-23;207;23;7;2020;3;2020_7;2020_3;4;jueves;entreSemana;alta
2020-07-24;208;24;7;2020;3;2020_7;2020_3;5;viernes;visperaFinde;alta
2020-07-25;209;25;7;2020;3;2020_7;2020_3;6;sábado;Finde;alta
2020-07-26;210;26;7;2020;3;2020_7;2020_3;7;domingo;Finde;alta
2020-07-27;211;27;7;2020;3;2020_7;2020_3;1;lunes;entreSemana;alta
2020-07-28;212;28;7;2020;3;2020_7;2020_3;2;martes;entreSemana;alta
2020-07-29;213;29;7;2020;3;2020_7;2020_3;3;miércoles;entreSemana;alta
2020-07-30;214;30;7;2020;3;2020_7;2020_3;4;jueves;entreSemana;alta
2020-07-31;215;31;7;2020;3;2020_7;2020_3;5;viernes;visperaFinde;alta
2020-08-01;216;1;8;2020;3;2020_8;2020_3;6;sábado;Finde;alta
2020-08-02;217;2;8;2020;3;2020_8;2020_3;7;domingo;Finde;alta
2020-08-03;218;3;8;2020;3;2020_8;2020_3;1;lunes;entreSemana;alta
2020-08-04;219;4;8;2020;3;2020_8;2020_3;2;martes;entreSemana;alta
2020-08-05;220;5;8;2020;3;2020_8;2020_3;3;miércoles;entreSemana;alta
2020-08-06;221;6;8;2020;3;2020_8;2020_3;4;jueves;entreSemana;alta
2020-08-07;222;7;8;2020;3;2020_8;2020_3;5;viernes;visperaFinde;alta
2020-08-08;223;8;8;2020;3;2020_8;2020_3;6;sábado;Finde;alta
2020-08-09;224;9;8;2020;3;2020_8;2020_3;7;domingo;Finde;alta
2020-08-10;225;10;8;2020;3;2020_8;2020_3;1;lunes;entreSemana;alta
2020-08-11;226;11;8;2020;3;2020_8;2020_3;2;martes;entreSemana;alta
2020-08-12;227;12;8;2020;3;2020_8;2020_3;3;miércoles;entreSemana;alta
2020-08-13;228;13;8;2020;3;2020_8;2020_3;4;jueves;entreSemana;alta
2020-08-14;229;14;8;2020;3;2020_8;2020_3;5;viernes;visperaFinde;alta
2020-08-15;230;15;8;2020;3;2020_8;2020_3;6;sábado;Finde;alta
2020-08-16;231;16;8;2020;3;2020_8;2020_3;7;domingo;Finde;alta
2020-08-17;232;17;8;2020;3;2020_8;2020_3;1;lunes;entreSemana;alta
2020-08-18;233;18;8;2020;3;2020_8;2020_3;2;martes;entreSemana;alta
2020-08-19;234;19;8;2020;3;2020_8;2020_3;3;miércoles;entreSemana;alta
2020-08-20;235;20;8;2020;3;2020_8;2020_3;4;jueves;entreSemana;alta
2020-08-21;236;21;8;2020;3;2020_8;2020_3;5;viernes;visperaFinde;alta
2020-08-22;237;22;8;2020;3;2020_8;2020_3;6;sábado;Finde;alta
2020-08-23;238;23;8;2020;3;2020_8;2020_3;7;domingo;Finde;alta
2020-08-24;239;24;8;2020;3;2020_8;2020_3;1;lunes;entreSemana;alta
2020-08-25;240;25;8;2020;3;2020_8;2020_3;2;martes;entreSemana;alta
2020-08-26;241;26;8;2020;3;2020_8;2020_3;3;miércoles;entreSemana;alta
2020-08-27;242;27;8;2020;3;2020_8;2020_3;4;jueves;entreSemana;alta
2020-08-28;243;28;8;2020;3;2020_8;2020_3;5;viernes;visperaFinde;alta
2020-08-29;244;29;8;2020;3;2020_8;2020_3;6;sábado;Finde;alta
2020-08-30;245;30;8;2020;3;2020_8;2020_3;7;domingo;Finde;alta
2020-08-31;246;31;8;2020;3;2020_8;2020_3;1;lunes;entreSemana;alta
2020-09-01;247;1;9;2020;3;2020_9;2020_3;2;martes;entreSemana;alta
2020-09-02;248;2;9;2020;3;2020_9;2020_3;3;miércoles;entreSemana;alta
2020-09-03;249;3;9;2020;3;2020_9;2020_3;4;jueves;entreSemana;alta
2020-09-04;250;4;9;2020;3;2020_9;2020_3;5;viernes;visperaFinde;alta
2020-09-05;251;5;9;2020;3;2020_9;2020_3;6;sábado;Finde;alta
2020-09-06;252;6;9;2020;3;2020_9;2020_3;7;domingo;Finde;alta
2020-09-07;253;7;9;2020;3;2020_9;2020_3;1;lunes;entreSemana;baja
2020-09-08;254;8;9;2020;3;2020_9;2020_3;2;martes;entreSemana;baja
2020-09-09;255;9;9;2020;3;2020_9;2020_3;3;miércoles;entreSemana;baja
2020-09-10;256;10;9;2020;3;2020_9;2020_3;4;jueves;entreSemana;baja
2020-09-11;257;11;9;2020;3;2020_9;2020_3;5;viernes;visperaFinde;baja
2020-09-12;258;12;9;2020;3;2020_9;2020_3;6;sábado;Finde;baja
2020-09-13;259;13;9;2020;3;2020_9;2020_3;7;domingo;Finde;baja
2020-09-14;260;14;9;2020;3;2020_9;2020_3;1;lunes;entreSemana;baja
2020-09-15;261;15;9;2020;3;2020_9;2020_3;2;martes;entreSemana;baja
2020-09-16;262;16;9;2020;3;2020_9;2020_3;3;miércoles;entreSemana;baja
2020-09-17;263;17;9;2020;3;2020_9;2020_3;4;jueves;entreSemana;baja
2020-09-18;264;18;9;2020;3;2020_9;2020_3;5;viernes;visperaFinde;baja
2020-09-19;265;19;9;2020;3;2020_9;2020_3;6;sábado;Finde;baja
2020-09-20;266;20;9;2020;3;2020_9;2020_3;7;domingo;Finde;baja
2020-09-21;267;21;9;2020;3;2020_9;2020_3;1;lunes;entreSemana;baja
2020-09-22;268;22;9;2020;3;2020_9;2020_3;2;martes;entreSemana;baja
2020-09-23;269;23;9;2020;3;2020_9;2020_3;3;miércoles;entreSemana;baja
2020-09-24;270;24;9;2020;3;2020_9;2020_3;4;jueves;entreSemana;baja
2020-09-25;271;25;9;2020;3;2020_9;2020_3;5;viernes;visperaFinde;baja
2020-09-26;272;26;9;2020;3;2020_9;2020_3;6;sábado;Finde;baja
2020-09-27;273;27;9;2020;3;2020_9;2020_3;7;domingo;Finde;baja
2020-09-28;274;28;9;2020;3;2020_9;2020_3;1;lunes;entreSemana;baja
2020-09-29;275;29;9;2020;3;2020_9;2020_3;2;martes;entreSemana;baja
2020-09-30;276;30;9;2020;3;2020_9;2020_3;3;miércoles;entreSemana;baja
2020-10-01;277;1;10;2020;4;2020_10;2020_4;4;jueves;entreSemana;baja
2020-10-02;278;2;10;2020;4;2020_10;2020_4;5;viernes;visperaFinde;baja
2020-10-03;279;3;10;2020;4;2020_10;2020_4;6;sábado;Finde;baja
2020-10-04;280;4;10;2020;4;2020_10;2020_4;7;domingo;Finde;baja
2020-10-05;281;5;10;2020;4;2020_10;2020_4;1;lunes;entreSemana;baja
2020-10-06;282;6;10;2020;4;2020_10;2020_4;2;martes;entreSemana;baja
2020-10-07;283;7;10;2020;4;2020_10;2020_4;3;miércoles;entreSemana;baja
2020-10-08;284;8;10;2020;4;2020_10;2020_4;4;jueves;entreSemana;baja
2020-10-09;285;9;10;2020;4;2020_10;2020_4;5;viernes;visperaFinde;baja
2020-10-10;286;10;10;2020;4;2020_10;2020_4;6;sábado;Finde;baja
2020-10-11;287;11;10;2020;4;2020_10;2020_4;7;domingo;Finde;baja
2020-10-12;288;12;10;2020;4;2020_10;2020_4;1;lunes;entreSemana;baja
2020-10-13;289;13;10;2020;4;2020_10;2020_4;2;martes;entreSemana;baja
2020-10-14;290;14;10;2020;4;2020_10;2020_4;3;miércoles;entreSemana;baja
2020-10-15;291;15;10;2020;4;2020_10;2020_4;4;jueves;entreSemana;baja
2020-10-16;292;16;10;2020;4;2020_10;2020_4;5;viernes;visperaFinde;baja
2020-10-17;293;17;10;2020;4;2020_10;2020_4;6;sábado;Finde;baja
2020-10-18;294;18;10;2020;4;2020_10;2020_4;7;domingo;Finde;baja
2020-10-19;295;19;10;2020;4;2020_10;2020_4;1;lunes;entreSemana;baja
2020-10-20;296;20;10;2020;4;2020_10;2020_4;2;martes;entreSemana;baja
2020-10-21;297;21;10;2020;4;2020_10;2020_4;3;miércoles;entreSemana;baja
2020-10-22;298;22;10;2020;4;2020_10;2020_4;4;jueves;entreSemana;baja
2020-10-23;299;23;10;2020;4;2020_10;2020_4;5;viernes;visperaFinde;baja
2020-10-24;300;24;10;2020;4;2020_10;2020_4;6;sábado;Finde;baja
2020-10-25;301;25;10;2020;4;2020_10;2020_4;7;domingo;Finde;baja
2020-10-26;302;26;10;2020;4;2020_10;2020_4;1;lunes;entreSemana;baja
2020-10-27;303;27;10;2020;4;2020_10;2020_4;2;martes;entreSemana;baja
2020-10-28;304;28;10;2020;4;2020_10;2020_4;3;miércoles;entreSemana;baja
2020-10-29;305;29;10;2020;4;2020_10;2020_4;4;jueves;entreSemana;baja
2020-10-30;306;30;10;2020;4;2020_10;2020_4;5;viernes;visperaFinde;baja
2020-10-31;307;31;10;2020;4;2020_10;2020_4;6;sábado;Finde;baja
2020-11-01;308;1;11;2020;4;2020_11;2020_4;7;domingo;Finde;baja
2020-11-02;309;2;11;2020;4;2020_11;2020_4;1;lunes;entreSemana;baja
2020-11-03;310;3;11;2020;4;2020_11;2020_4;2;martes;entreSemana;baja
2020-11-04;311;4;11;2020;4;2020_11;2020_4;3;miércoles;entreSemana;baja
2020-11-05;312;5;11;2020;4;2020_11;2020_4;4;jueves;entreSemana;baja
2020-11-06;313;6;11;2020;4;2020_11;2020_4;5;viernes;visperaFinde;baja
2020-11-07;314;7;11;2020;4;2020_11;2020_4;6;sábado;Finde;baja
2020-11-08;315;8;11;2020;4;2020_11;2020_4;7;domingo;Finde;baja
2020-11-09;316;9;11;2020;4;2020_11;2020_4;1;lunes;entreSemana;baja
2020-11-10;317;10;11;2020;4;2020_11;2020_4;2;martes;entreSemana;baja
2020-11-11;318;11;11;2020;4;2020_11;2020_4;3;miércoles;entreSemana;baja
2020-11-12;319;12;11;2020;4;2020_11;2020_4;4;jueves;entreSemana;baja
2020-11-13;320;13;11;2020;4;2020_11;2020_4;5;viernes;visperaFinde;baja
2020-11-14;321;14;11;2020;4;2020_11;2020_4;6;sábado;Finde;baja
2020-11-15;322;15;11;2020;4;2020_11;2020_4;7;domingo;Finde;baja
2020-11-16;323;16;11;2020;4;2020_11;2020_4;1;lunes;entreSemana;baja
2020-11-17;324;17;11;2020;4;2020_11;2020_4;2;martes;entreSemana;baja
2020-11-18;325;18;11;2020;4;2020_11;2020_4;3;miércoles;entreSemana;baja
2020-11-19;326;19;11;2020;4;2020_11;2020_4;4;jueves;entreSemana;baja
2020-11-20;327;20;11;2020;4;2020_11;2020_4;5;viernes;visperaFinde;baja
2020-11-21;328;21;11;2020;4;2020_11;2020_4;6;sábado;Finde;baja
2020-11-22;329;22;11;2020;4;2020_11;2020_4;7;domingo;Finde;baja
2020-11-23;330;23;11;2020;4;2020_11;2020_4;1;lunes;entreSemana;baja
2020-11-24;331;24;11;2020;4;2020_11;2020_4;2;martes;entreSemana;baja
2020-11-25;332;25;11;2020;4;2020_11;2020_4;3;miércoles;entreSemana;baja
2020-11-26;333;26;11;2020;4;2020_11;2020_4;4;jueves;entreSemana;baja
2020-11-27;334;27;11;2020;4;2020_11;2020_4;5;viernes;visperaFinde;baja
2020-11-28;335;28;11;2020;4;2020_11;2020_4;6;sábado;Finde;baja
2020-11-29;336;29;11;2020;4;2020_11;2020_4;7;domingo;Finde;baja
2020-11-30;337;30;11;2020;4;2020_11;2020_4;1;lunes;entreSemana;baja
2020-12-01;338;1;12;2020;4;2020_12;2020_4;2;martes;entreSemana;baja
2020-12-02;339;2;12;2020;4;2020_12;2020_4;3;miércoles;entreSemana;baja
2020-12-03;340;3;12;2020;4;2020_12;2020_4;4;jueves;entreSemana;baja
2020-12-04;341;4;12;2020;4;2020_12;2020_4;5;viernes;visperaFinde;baja
2020-12-05;342;5;12;2020;4;2020_12;2020_4;6;sábado;Finde;alta
2020-12-06;343;6;12;2020;4;2020_12;2020_4;7;domingo;Finde;alta
2020-12-07;344;7;12;2020;4;2020_12;2020_4;1;lunes;entreSemana;alta
2020-12-08;345;8;12;2020;4;2020_12;2020_4;2;martes;entreSemana;alta
2020-12-09;346;9;12;2020;4;2020_12;2020_4;3;miércoles;entreSemana;baja
2020-12-10;347;10;12;2020;4;2020_12;2020_4;4;jueves;entreSemana;baja
2020-12-11;348;11;12;2020;4;2020_12;2020_4;5;viernes;visperaFinde;baja
2020-12-12;349;12;12;2020;4;2020_12;2020_4;6;sábado;Finde;baja
2020-12-13;350;13;12;2020;4;2020_12;2020_4;7;domingo;Finde;baja
2020-12-14;351;14;12;2020;4;2020_12;2020_4;1;lunes;entreSemana;baja
2020-12-15;352;15;12;2020;4;2020_12;2020_4;2;martes;entreSemana;baja
2020-12-16;353;16;12;2020;4;2020_12;2020_4;3;miércoles;entreSemana;baja
2020-12-17;354;17;12;2020;4;2020_12;2020_4;4;jueves;entreSemana;baja
2020-12-18;355;18;12;2020;4;2020_12;2020_4;5;viernes;visperaFinde;baja
2020-12-19;356;19;12;2020;4;2020_12;2020_4;6;sábado;Finde;baja
2020-12-20;357;20;12;2020;4;2020_12;2020_4;7;domingo;Finde;baja
2020-12-21;358;21;12;2020;4;2020_12;2020_4;1;lunes;entreSemana;baja
2020-12-22;359;22;12;2020;4;2020_12;2020_4;2;martes;entreSemana;baja
2020-12-23;360;23;12;2020;4;2020_12;2020_4;3;miércoles;entreSemana;baja
2020-12-24;361;24;12;2020;4;2020_12;2020_4;4;jueves;entreSemana;alta
2020-12-25;362;25;12;2020;4;2020_12;2020_4;5;viernes;visperaFinde;alta
2020-12-26;363;26;12;2020;4;2020_12;2020_4;6;sábado;Finde;alta
2020-12-27;364;27;12;2020;4;2020_12;2020_4;7;domingo;Finde;alta
2020-12-28;365;28;12;2020;4;2020_12;2020_4;1;lunes;entreSemana;alta
2020-12-29;366;29;12;2020;4;2020_12;2020_4;2;martes;entreSemana;alta
2020-12-30;367;30;12;2020;4;2020_12;2020_4;3;miércoles;entreSemana;alta
2020-12-31;368;31;12;2020;4;2020_12;2020_4;4;jueves;entreSemana;alta
